서울특별시강남구언주로640,37.5140589,127.0359563
서울특별시강남구테헤란로521,37.509545,127.0608688
서울특별시강남구봉은사로130,37.5053622,127.0290189
서울특별시강남구봉은사로120,37.5047293,127.0271848
서울특별시강남구봉은사로524,37.5128784,127.0572911
서울특별시강남구테헤란로606,37.5086243,127.0641468
서울특별시강남구봉은사로150,37.5058728,127.0310562
서울특별시강남구봉은사로150,37.5058728,127.0310562
서울특별시강남구영동대로737,37.5238673,127.0543277
서울특별시강남구도산대로536,37.5243672,127.0521904
서울특별시강남구봉은사로139,37.506397,127.0298082
서울특별시강남구테헤란로25길10,37.5013002,127.0354031
서울특별시강남구언주로517,37.5050433,127.0412654
서울특별시강남구영동대로736,37.5237282,127.0557611
서울특별시강남구도산대로205,37.5205747,127.0287714
서울특별시강남구도산대로144,37.5177632,127.0246113
서울특별시강남구삼성로431,37.505102,127.057088
서울특별시강남구테헤란로33길16,37.5028725,127.0394119
서울특별시강남구봉은사로223,37.5083076,127.0362783
서울특별시강남구도산대로1길83,37.5221508,127.0195823
테헤란로33길6-5,37.5025724,127.0398857
서울특별시강남구논현로647,37.5115484,127.0314888
서울특별시강남구논현로645,37.5111132,127.0314126
서울특별시강남구테헤란로37길13-13,37.5026951,127.0397745
서울특별시강남구선릉로90길46,37.5048902,127.0529349
서울특별시강남구봉은사로459,37.5123797,127.0497793
서울특별시강남구영동대로712,37.5214225,127.05689
서울특별시강남구강남대로588,37.5143602,127.0204684
서울특별시강남구학동로141,37.5124348,127.0265824
서울특별시강남구테헤란로79길7,9,37.5073624,127.0550564
서울특별시강남구언주로87길11,37.5013786,127.0421072
서울특별시강남구테헤란로29길12,37.5024918,127.038775
서울특별시강남구논현로66,37.4761992,127.04667
서울특별시강남구도산대로119,37.5173225,127.0214762
서울특별시강남구테헤란로37길13-10,37.5029843,127.0398428
서울특별시강남구역삼로160,37.4947417,127.0367316
서울특별시강남구강남대로92길13,37.4990526,127.0284986
서울특별시강남구학동로117,37.5121428,127.0236524
서울특별시강남구봉은사로155,37.5069001,127.0314964
서울특별시강남구테헤란로25길6-13,37.5014053,127.0358258
서울특별시강남구테헤란로611,37.5095915,127.0642688
서울특별시강남구테헤란로87길9,37.5084491,127.0587107
서울특별시강남구봉은사로113,37.5052667,127.0258787
서울특별시강남구논현로87길15-4,37.4994243,127.0354447
서울특별시강남구테헤란로10길5,37.4987567,127.0325304
서울특별시강남구테헤란로29길11,37.502402,127.0384825
서울특별시강남구언주로89길21,37.5015156,127.0411652
서울특별시강남구봉은사로134,37.50563,127.0294946
서울특별시강남구삼성로96길20,37.5089291,127.0576025
서울특별시강남구논현로74-1,37.4769022,127.0458841
서울특별시강남구도산대로508,37.5240252,127.0484694
서울특별시강남구강남대로112길20,37.5055178,127.0260881
서울특별시강남구테헤란로415,37.5057154,127.0516501
서울특별시강남구테헤란로610,37.5088359,127.064558
서울특별시강남구언주로85길27,37.5005871,127.0410802
서울특별시강남구도산대로203,37.5203215,127.0285041
서울특별시강남구논현로533,37.5039484,127.0351233
서울특별시강남구선릉로85길6,37.5030383,127.0491231
서울특별시강남구봉은사로428,37.5108407,127.0468975
서울특별시강남구도산대로216,37.5200753,127.0304852
서울특별시강남구테헤란로37길13-8,37.5030508,127.0400147
서울특별시강남구선릉로90길62,37.5052885,127.0541947
서울특별시강남구강남대로112길11,37.5055181,127.0252585
서울특별시강남구테헤란로8길13,37.498228,127.0316363
서울특별시강남구강남대로620,37.5171485,127.0197123
서울특별시강남구논현로736,37.5178143,127.0293169
서울특별시강남구테헤란로87길46,37.5109522,127.0581852
서울특별시강남구봉은사로143,37.5064935,127.0302181
서울특별시강동구천중로27,37.545786,127.1250933
서울특별시강동구풍성로210,37.5290649,127.1350148
빈셀,에러,에러
서울특별시강동구천중로40길63,37.5382239,127.1381287
서울특별시강동구천호대로159길22-36,37.5383763,127.1288154
서울특별시강북구도봉로16,37.6108801,127.0309521
서울특별시강북구4.19로135,37.6416939,127.0017828
서울특별시강북구삼양로500-18,37.6475866,127.0156083
서울특별시강북구덕릉로111,37.6351449,127.0260878
서울특별시강북구4.19로26,37.6477214,127.011399
서울특별시강서구방화대로94,37.5471992,126.819123
서울특별시강서구하늘길38,37.5713698,126.8029604
서울특별시강서구공항대로663,37.5479098,126.8781623
서울특별시강서구공항대로653-30,37.5485462,126.8781892
서울특별시강서구강서로400,37.5611181,126.8394738
서울특별시강서구공항대로518,37.5510396,126.8635843
서울특별시강서구공항대로63,37.5613956,126.8143141
서울특별시강서구남부순환로196,37.5479904,126.8200498
서울특별시강서구곰달래로72,37.5299677,126.8408409
서울특별시강서구남부순환로190,37.5483881,126.8194651
서울특별시강서구곰달래로108,37.5302597,126.844697
서울특별시강서구곰달래로24길35,37.5290046,126.8473796
서울특별시강서구강서로5나길30,37.5287793,126.8466409
서울특별시강서구방화대로94,37.5471992,126.819123
서울특별시강서구화곡로248-13,37.5474637,126.84638
서울특별시강서구공항대로30,37.5606559,126.8103121
서울특별시강서구양천로743,37.5491958,126.8786284
서울특별시강서구화곡로354-10,37.554559,126.8524646
서울특별시강서구남부순환로188,37.5486404,126.8196186
서울특별시강서구화곡로327,37.5533053,126.8505301
서울특별시강서구곰달래로70-1,37.5300407,126.8406081
서울특별시강서구화곡로68길116,37.5569259,126.8599592
서울특별시강서구양천로65길41-22,37.5567882,126.8677752
서울특별시강서구마곡동로4길15,701,37.5598185,126.8352481
서울특별시강서구마곡중앙12로10,37.5670128,126.8293868
서울특별시관악구신림로64길29,37.4852904,126.9313707
서울특별시관악구신림로64길28,37.4849747,126.9313285
서울특별시관악구신림로66길16,37.485326,126.9306007
서울특별시관악구난곡로64길5,37.4813587,126.9149887
서울특별시관악구신림동7길52,37.4846045,126.9267818
서울특별시관악구신림로349,37.485516,126.9291919
서울특별시관악구남부순환로1458,37.4811941,126.9128459
서울특별시관악구관천로64,37.4850007,126.9255528
서울특별시관악구신림로65길16-4,37.4852959,126.9286866
서울특별시관악구남부순환로1590-15,알빈,37.4833183,126.927788
서울특별시관악구신림로65길16-18,37.4858903,126.9285299
서울특별시관악구신림동1길6-5,37.4869634,126.9278747
서울특별시광진구구의강변로38,37.5341697,127.0919072
서울특별시광진구워커힐로177,37.555169,127.1107738
빈셀,에러,에러
서울특별시광진구능동로90,37.5386303,127.0709719
서울특별시광진구동일로212,37.5505649,127.0690514
서울특별시광진구천호대로521,37.5586656,127.0765944
서울특별시광진구천호대로560,37.5564616,127.080125
서울특별시광진구동일로214,37.5508255,127.0691964
빈셀,에러,에러
서울특별시광진구동일로156,37.5460367,127.0665684
서울특별시광진구동일로172,37.5473445,127.0672963
서울특별시광진구자양로18길26,4층,37.5376638,127.0851251
서울특별시광진구동일로90,호텔케이월드,37.5405914,127.0634563
서울시구로구디지털로300,37.4850307,126.8966116
서울시구로구경인로624,37.5063294,126.8853281
서울시구로구디지털로32길72,37.4831795,126.8988477
서울시구로구경인로662,37.5083236,126.8884274
서울시구로구시흥대로533,37.4811651,126.8995204
서울시구로구새말로20,37.5019977,126.8833608
서울시구로구경인로229,37.4974416,126.8459894
서울시구로구남부순환로105다길12,,37.4796759,126.8912635
서울시구로구디지털로19길6-8,,37.4803286,126.89047
서울시구로구남부순환로105길32,,37.4795068,126.8910057
서울특별시금천구시흥대로378,37.4675166,126.8983553
서울특별시금천구가산로50,37.4717243,126.8975254
서울특별시금천구남부순환로1262,37.478876,126.8909753
서울특별시금천구서부샛길584,37.4783526,126.8770952
서울특별시금천구벚꽃로56길190,호텔해담채가산,37.4794958,126.8887248
서울특별시금천구벚꽃로182,37.4712787,126.8878542
서울특별시금천구벚꽃로204,37.4731069,126.8868973
서울시노원구노해로77길22,37.6552223,127.0593743
서울특별시도봉구도봉로511,37.6510978,127.0357293
빈셀,에러,에러
서울특별시도봉구도봉로710,37.6677979,127.043655
서울특별시동대문구장한로110,37.5705557,127.0703469
서울특별시동대문구왕산로269,37.58488,127.0505363
서울특별시동대문구회기로188-5,37.5895471,127.0568457
서울특별시동대문구왕산로192-2,37.5795945,127.0446147
서울특별시동대문구왕산로28,37.5764047,127.0267836
서울특별시동대문구왕산로22,37.5762679,127.0260941
빈셀,에러,에러
서울특별시동대문구천호대로377,37.5623328,127.0610029
서울특별시동대문구왕산로11-1,4~5층,37.5764649,127.0248426
서울특별시동대문구장한로24길8,37.5706281,127.0713037
서울특별시동대문구왕산로226,37.5817147,127.0476413
서울특별시동대문구이문로192,37.6037677,127.0622538
서울특별시동대문구천호대로383,37.5622936,127.0616501
서울특별시동대문구장한로2길48,37.5619502,127.0678673
서울특별시동대문구천호대로291-1,37.5668289,127.0535397
서울특별시동작구동작대로1길15,37.4771503,126.9804221
서울특별시동작구상도로120,37.5012445,126.9335788
서울특별시동작구시흥대로596,37.4856426,126.9043083
서울특별시마포구도화동169-1번지,37.5407036,126.9483665
서울특별시마포구서교동377-1번지,37.5536049,126.9168747
서울특별시마포구서교동354-5번지,37.5544357,126.9212425
서울특별시마포구합정동382-17번지,37.5488595,126.9107593
서울특별시마포구상암동1587번지,37.5823403,126.8866754
서울특별시마포구서교동371-10번지,37.553318,126.9197451
서울특별시마포구서교동373-9번지,37.5519063,126.9175882
서울특별시마포구서교동351-29번지,37.5555509,126.9203616
서울특별시마포구도화동570번지,37.5428756,126.9497095
서울특별시마포구서교동447-1번지,37.5571963,126.9185987
서울특별시마포구서교동354-10번지,37.553792,126.9205707
서울특별시마포구노고산동1-74번지,37.5562403,126.9425638
서울특별시마포구도화동25-13번지효성해링턴스퀘어,37.5430224,126.9511933
서울특별시마포구동교동160-5번지롯데호텔L7홍대,37.5557344,126.9216348
서울특별시마포구서교동354-5번지,37.5544357,126.9212425
서울특별시마포구동교동190-1번지,37.5595393,126.924798
서울특별시마포구성산동52-12번지,37.5640021,126.9134479
서울특별시마포구동교동198-30번지호스텔더스타일,37.5595124,126.9235282
서울특별시마포구망원동405-27번지,37.5547115,126.9036369
서울특별시마포구서교동463-1번지,37.5546513,126.9181914
서울특별시마포구신정동98-1번지,37.5452083,126.9299479
서울특별시마포구동교동155-30번지,37.5579899,126.9247227
서울특별시마포구동교동113-96번지,37.5614003,126.9266703
서울특별시서대문구연희로353,37.5890146,126.9340626
서울특별시서대문구신촌역로7,37.5573623,126.9425246
서울특별시서대문구충정로76,37.5652029,126.9667514
서울특별시서대문구연세로2가길3,37.556116,126.9374022
서울특별시서대문구명물길19,8,9,10층,37.5580243,126.9376348
서울특별시서대문구신촌로155,8층,37.5569454,126.9432628
서울특별시서대문구신촌로155,6층,37.5569454,126.9432628
서울특별시서대문구연세로2나길5,37.5563687,126.9379325
서울특별시서초구사평대로160,37.5009218,127.0017238
서울특별시서초구신반포로176,37.5049856,127.0031828
빈셀,에러,에러
서울특별시서초구강남대로107길6,37.5187347,127.0180825
서울특별시서초구효령로345,37.4868691,127.021722
서울특별시서초구반포대로14길53,37.4863871,127.0137799
서울특별시서초구나루터로64,37.5151093,127.0170305
서울특별시서초구반포대로12길29,37.4852318,127.0128592
서울특별시서초구서초대로338,37.4947982,127.0186731
서울특별시서초구강남대로259,37.4865771,127.0326444
서울특별시서초구효령로427,37.4894582,127.0301231
서울특별시서초구반포대로18길62,37.4872764,127.0137523
서울특별시서초구서초대로56길18,37.4937373,127.0170447
서울특별시서초구청계산로9길1-7,37.4490135,127.0547297
서울성동구고산자로277,37.5645654,127.035872
서울성동구왕십리로20길19,37.5636069,127.0353153
서울성동구자동차시장1길29,37.5614072,127.0608387
서울성동구무학로2길47,37.562653,127.0348242
서울성동구성수이로96,37.5434438,127.0570803
서울성동구자동차시장1길27,37.5614074,127.0606852
서울성동구천호대로302,37.5656313,127.0537192
서울성동구왕십리로339-1,6~10층,37.5630126,127.0319918
서울특별시성북구동소문로20나길39,37.5927443,127.0185737
서울특별시성북구동소문로20나길33,37.5926328,127.0182966
서울특별시성북구아리랑로8,37.5936745,127.0166871
서울특별시성북구동소문로130,37.5941438,127.0190386
서울특별시성북구동소문로126,37.5939262,127.0187579
서울특별시송파구올림픽로240,37.5110794,127.0981638
서울특별시송파구삼전로67,37.5049256,127.088062
서울특별시송파구송파대로28길5,37.49386,127.1187607
서울특별시송파구석촌호수로216,37.5068801,127.1010222
서울특별시송파구송파대로28길11,37.4941106,127.1191426
서울특별시송파구올림픽로10길5,37.5110907,127.0811928
서울특별시송파구백제고분로51길23,37.5164827,127.1128224
서울특별시송파구삼학사로98,37.5060221,127.0975719
서울특별시송파구백제고분로268,37.5022394,127.0961047
서울특별시송파구백제고분로22길5,37.5033291,127.0893956
서울특별시송파구오금로11길21-9,37.5153914,127.109322
서울특별시송파구오금로11길55-16,37.5157465,127.1138963
빈셀,에러,에러
서울특별시송파구송파대로385,37.501677,127.1097751
서울특별시송파구올림픽로300,37.5125702,127.1025625
서울특별시송파구송파대로111,37.4805094,127.1232611
서울특별시송파구백제고분로7길23-6,37.5109751,127.0816824
서울특별시송파구백제고분로7길23-5,37.5109774,127.0813582
서울특별시양천구가로공원로167,37.5370642,126.8345611
서울특별시영등포구은행로62,37.5303764,126.9255701
서울특별시영등포구국회대로76길16,37.5303474,126.9218654
서울특별시영등포구여의대로8,37.5214533,126.9184353
서울특별시영등포구영중로15,37.5172058,126.903714
서울특별시영등포구국제금융로10,37.5245995,126.9253589
서울특별시영등포구선유동2로72,37.5346593,126.8987494
서울특별시영등포구선유로88-6,37.5216635,126.890721
서울특별시영등포구영등포로9,37.5237483,126.882606
서울특별시영등포구의사당대로16,37.5275159,126.9173126
서울특별시영등포구버드나루로90,37.5263345,126.9091132
서울특별시영등포구양산로1길3-1,37.5263494,126.8839486
서울특별시영등포구양산로1길5,37.5263908,126.8840668
서울특별시영등포구영신로32길8,37.5190876,126.9018264
서울특별시영등포구버드나루로74,37.5250191,126.9098697
서울특별시영등포구영신로34길33,37.5191717,126.9046895
서울특별시영등포구양평로28길11,37.5408768,126.8904965
서울특별시영등포구선유로100,37.5228045,126.8903905
서울특별시영등포구경인로114나길6,37.517584,126.9134633
서울특별시영등포구경인로867,37.5174928,126.9090137
서울특별시영등포구영등포로389,37.5137486,126.9215463
서울특별시영등포구영등포로47길11-1,37.5204315,126.9085381
서울특별시영등포구선유동1로6-18,37.5223326,126.8924939
서울특별시영등포구당산로16길13-1,37.5226225,126.8975768
서울특별시영등포구당산로20길6,37.5234469,126.896756
서울특별시영등포구양평로136,파크호텔,37.5386759,126.8930554
서울특별시영등포구영등포로93,37.5222778,126.8918712
서울특별시영등포구양평로132,37.5385141,126.8933696
서울특별시영등포구경인로108길15,코코아관광호텔,37.51749,126.9119089
서울특별시영등포구당산로20길5-1,37.5236075,126.896975
서울특별시용산구한강대로366,37.5511247,126.9729133
서울특별시용산구녹사평대로140,37.5317508,126.9904329
서울특별시용산구이태원로179,37.5348612,126.9936391
서울특별시용산구장문로23,37.5285648,126.9931163
서울특별시용산구우사단로14길11,37.5342663,126.9963425
서울특별시용산구한강대로253,37.5408458,126.9723235
서울특별시용산구소월로322,37.5396014,126.9974521
서울특별시용산구이태원로20길2-8,37.5340543,126.99168
서울특별시용산구이태원로221,37.5353638,126.998239
서울특별시용산구한강대로385,3~4층,37.5527804,126.9722481
서울특별시용산구한강대로305,37.5455592,126.9715771
서울특별시용산구한강대로71길24,37.5403547,126.972202
서울특별시용산구청파로20길95,37.5322062,126.9610322
서울특별시용산구청파로20길95,37.5322062,126.9610322
서울특별시용산구청파로20길95,37.5322062,126.9610322
서울특별시용산구청파로20길95,37.5322062,126.9610322
서울특별시은평구통일로816,37.6168758,126.9239234
서울특별시은평구진흥로205,37.6094594,126.9320125
서울특별시은평구진흥로138,37.6079221,126.9255146
서울특별시은평구통일로585-1,37.5991238,126.9364738
서울특별시은평구은평로8길,1,37.5999015,126.9211885
서울특별시은평구통일로80길,7,37.6200963,126.9213582
서울특별시은평구통일로863-24,37.6204992,126.9195414
서울특별시은평구연서로28길21-1,37.6170802,126.9221888
서울특별시은평구응암로9길6-11,37.5878972,126.9159131
서울특별시은평구진흥로169,37.6088316,126.9284933
서울특별시종로구종로69,37.5704285,126.985553
서울특별시종로구종로286,37.5708798,127.0103548
서울특별시종로구청계천로137,37.568979,126.9929619
서울특별시종로구청계천로341,37.5701257,127.0154462
서울특별시종로구삼일대로30길9,37.5740019,126.9882311
서울특별시종로구평창문화로136,37.6094995,126.9751768
서울특별시종로구인사동4길18,37.572991,126.9873794
서울특별시종로구청계천로117,37.5686106,126.9907525
서울특별시종로구우정국로46,37.5731115,126.9833532
서울특별시종로구인사동5길38,37.5726717,126.9843351
서울특별시종로구삼일대로32가길20,37.5748664,126.988911
서울특별시종로구삼일대로32가길33,37.574669,126.9895921
서울특별시종로구돈화문로66,37.57444,126.9912018
서울특별시종로구율곡로6길13-3,37.5766828,126.9896763
서울특별시종로구삼일대로32가길38,37.5745577,126.9897331
서울특별시종로구돈화문로85,37.5760864,126.9902905
서울특별시종로구삼일대로30길31,37.574408,126.9893654
서울특별시종로구청계천로279,37.5703168,127.0087842
서울특별시종로구청계천로229,7층,37.5701354,127.0030432
서울특별시종로구종로382,2층,37.5739546,127.0199194
서울특별시종로구삼일대로17길8,37.5692897,126.9870966
서울특별시종로구종로46길22,37.5706478,127.0101939
서울특별시종로구종로16길32-4,37.568732,126.9886223
서울특별시종로구율곡로179,37.5761181,126.9987365
서울특별시종로구율곡로164,37.5757232,126.9968283
서울특별시종로구율곡로10길11,37.5770363,126.9911213
서울특별시종로구율곡로4길11-3,1층,37.5750481,126.9821846
서울특별시종로구새문안로97,37.5706979,126.9753951
서울특별시종로구삼봉로71,37.5726674,126.9811142
서울특별시종로구난계로29길55,37.573605,127.0201664
서울특별시종로구종로54길9-10,2,3층,37.5719535,127.01454
서울특별시종로구돈화문로11길33,37.5724009,126.9895473
서울특별시종로구난계로241,37.5732544,127.022842
서울특별시종로구청계천로61,11,12층,37.5689879,126.9843262
서울특별시종로구창경궁로106,37.5718941,126.9982137
서울특별시종로구창경궁로224,2,3층,37.5819654,126.997963
서울특별시종로구종로66가길21,37.5733262,127.0208378
서울특별시종로구난계로29길19-11,37.5738926,127.0222556
서울특별시종로구인사동길20-9,37.5723948,126.9871734
서울특별시종로구삼일대로32길46,37.5754827,126.9895085
서울특별시종로구인사동7길26,호텔썬비,37.573079,126.9847835
서울특별시중구명동8나길10,37.5617848,126.9842581
서울특별시중구명동9가길14,37.5651466,126.9837467
서울특별시중구을지로16,37.5657665,126.9795532
서울특별시중구퇴계로130,37.5606763,126.9862892
서울특별시중구세종대로22길16,37.5679223,126.9781825
서울특별시중구퇴계로10길23,37.558661,126.9809538
서울특별시중구소공로106,37.5644687,126.9800463
서울특별시중구마른내로71,37.5648899,126.9956889
서울특별시중구퇴계로145,37.5615327,126.9881004
서울특별시중구동호로287,37.5602762,127.0023153
서울특별시중구퇴계로20길2,37.5598576,126.985374
서울특별시중구소공로119,37.5647566,126.977927
서울특별시중구세종대로22길12,37.5679455,126.977968
서울특별시중구동호로249,37.5558806,127.0051533
서울특별시중구세종대로135,37.5678163,126.9762671
서울특별시중구명동길61,37.5643862,126.9858643
서울특별시중구을지로30,37.5654272,126.9816208
서울특별시중구장충단로60,37.5500764,127.0005099
서울특별시중구소월로50,37.5553424,126.9754331
서울특별시중구을지로164,37.5662854,126.9962072
서울특별시중구남대문로78,37.5643362,126.9829981
서울특별시중구통일로78,37.5626348,126.9697078
서울특별시중구동호로360,37.5664882,127.0026937
서울특별시중구퇴계로139,37.5614833,126.987218
서울특별시중구퇴계로19,37.5571392,126.9748732
서울특별시중구명동10길51,37.5615873,126.9860309
서울특별시중구명동8가길38,37.5616591,126.9871693
서울특별시중구세종대로16길22,37.563051,126.9780813
서울특별시중구세종대로58,37.5614903,126.9765187
서울특별시중구남대문로5길17-5,37.5623428,126.9786986
서울특별시중구장충단로198,37.5622525,127.0068254
서울특별시중구충무로15,37.562588,126.992618
서울특별시중구을지로280-2,37.5653694,127.0090412
서울특별시중구동호로337,37.5644524,127.0021657
서울특별시중구퇴계로107,37.5609647,126.9836413
서울특별시중구창경궁로20,37.564156,126.9986625
서울특별시중구동호로346,37.5652109,127.0027521
서울특별시중구퇴계로334,37.564187,127.0086936
서울특별시중구충무로9길20,37.5670173,126.9913248
서울특별시중구퇴계로45길32-37,37.5641063,126.9998996
서울특별시중구수표로16,37.5625624,126.9906533
서울특별시중구필동로8길77,37.5565104,126.9932173
서울특별시중구퇴계로6길3-6,37.5578846,126.9786731
서울특별시중구동호로343,37.5650039,127.0020875
서울특별시중구삼일대로2길50,37.5600392,126.9911965
서울특별시중구퇴계로159-8,37.5617526,126.9899135
서울특별시중구삼일대로302,37.5617288,126.9893884
서울특별시중구충무로23-1,37.5633374,126.9927033
서울특별시중구퇴계로216,37.5613378,126.9958319
서울특별시중구수표로61,37.5666138,126.9893609
서울특별시중구퇴계로8길31-9,37.5580778,126.9796698
서울특별시중구장충단로226,37.564754,127.0077432
서울특별시중구명동8가길53,37.5619739,126.9880825
서울특별시중구퇴계로61,10층,37.5593755,126.9789281
서울특별시중구퇴계로306,37.5636121,127.0056606
서울특별시중구명동8길27,37.5625352,126.9851776
서울특별시중구덕수궁길7,3층,37.5647325,126.9763591
서울특별시중구명동9길16,37.5646466,126.9852585
서울특별시중구동호로35길5,37.5661761,127.0017429
서울특별시중구남대문로7길19,37.5637733,126.9807789
서울특별시중구남대문로5길15,37.5620727,126.9787111
서울특별시중구청계천로184,37.5686381,126.9981855
서울특별시중구삼일대로362,37.5669487,126.9880882
서울특별시중구퇴계로137,37.561486,126.986968
서울특별시중구동호로354,37.5659405,127.0028121
서울특별시중구장충단로213,3-7층,37.5637102,127.0067781
서울특별시중구퇴계로343-1,37.5648084,127.0097877
서울특별시중구남대문로9,37.5611997,126.9768823
서울특별시중구퇴계로56길18,37.5630035,127.0055439
서울특별시중구퇴계로52,37.5583361,126.9784215
서울특별시중구수표로6길33,37.5629514,126.9922556
서울특별시중구장충단로13길20,37.5687346,127.0076665
서울특별시중구동호로359,37.5664304,127.0018924
서울특별시중구퇴계로31길9,37.5616405,126.9921864
서울특별시중구명동7길13,37.5643559,126.9839826
서울특별시중구명동9길22,37.5649285,126.9850857
서울특별시중구다동길30,37.5676449,126.9809364
서울특별시중구퇴계로329,3~6층,37.5644994,127.0081208
서울특별시중구남대문로56,37.5623071,126.9819085
서울특별시중구소공로6길29,37.5586045,126.9847833
서울특별시중구마른내로28,37.5643741,126.9908349
서울특별시중구퇴계로18길67,37.5580289,126.9845881
서울특별시중구수표로24,37.5633597,126.9904717
서울특별시중구퇴계로18길37,37.5592236,126.9850587
서울특별시중구퇴계로18길41,37.5591149,126.9850008
서울특별시중구퇴계로66길7-1,37.5640149,127.0093908
서울특별시중구퇴계로293,호텔더디자이너스디디피,37.5638353,127.0041106
서울특별시중구세종대로16길26,호텔토마스명동,37.5631547,126.9783693
서울특별시중구퇴계로20길32-10,루크홈,37.5583625,126.9858662
서울특별시중구퇴계로176,37.5608175,126.9912945
서울특별시중구을지로238,37.5662974,127.0044113
서울특별시중구을지로238,37.5662974,127.0044113
서울특별시중구퇴계로67,37.5596664,126.9795418
서울특별시중구세종대로11길36,E.N.A스위트호텔,37.5623157,126.9739018
서울특별시중구세종대로12길12,37.5616378,126.9769149
서울특별시중구장충단로10길27,37.5636337,127.0085575
서울특별시중구퇴계로325,37.5645361,127.0078378
서울시중랑구망우로52길28,37.5961366,127.0899895
서울시중랑구동일로866,37.6077138,127.0786178
고양시일산동구태극로20,37.6619268,126.7507528
경기도동두천시삼육사로1093,37.8972332,127.0708203
경기도부천시부일로510,37.48504,126.7866945
경기도부천시길주로69,37.5064238,126.7500537
경기도부천시길주로131,37.5060781,126.7572073
경기도부천시소향로13번길27,37.5051109,126.7490357
경기도부천시길주로66,37.5054268,126.7495393
경기도부천시길주로121번길18-11,37.5066503,126.7566846
경기도부천시길주로77번길19-22,37.5069444,126.7503399
경기도수원시팔달구권광로175번길62,37.264328,127.0290128
경기도수원시권선구효원로220번길22,37.2621113,127.025221
경기도수원시영통구봉영로1591,37.2535376,127.0725483
경기도수원시팔달구권광로132,37.2592852,127.0313219
경기도수원시팔달구인계로94번길27-19,37.2668745,127.028542
경기도수원시권선구효원로266번길9,37.2613852,127.0303146
경기도수원시영통구반달로128번길13,37.2546169,127.0754582
경기도수원시영통구반달로128번길9,37.2544623,127.0753086
경기도수원시팔달구중부대로150,37.2777366,127.0324283
경기도수원시팔달구행궁로11,37.281025,127.015267
경기도수원시팔달구인계로166번길23,37.2653087,127.035444
경기도수원시팔달구중부대로10번길9,37.2746361,127.0175239
경기도수원시영통구반달로35번길17,37.251546,127.0765164
경기도수원시팔달구덕영대로902,37.268392,126.9991161
경기도수원시권선구권선로669번길26,37.2609746,127.0252587
경기도수원시팔달구화서문로72번길33,37.2845404,127.0168983
경기도수원시권선구장다리로75,37.2572068,127.0203561
경기도수원시팔달구경수대로466번길27,37.2670983,127.0286139
경기도수원시권선구경수대로335번길10,37.2569279,127.0215046
경기도수원시팔달구신풍로68,37.287033,127.0138685
경기도수원시팔달구갓매산로76번길9,37.2704433,127.0023488
경기도수원시권선구금곡로197번길17-10,37.2745137,126.9513444
경기도수원시팔달구팔달로168,37.2826127,127.007529
경기도수원시팔달구고화로9번길25,37.2698165,127.0067273
경기도수원시팔달구고화로9번길33,37.2696266,127.0062829
경기도수원시권선구경수대로335번길12,37.2570701,127.0213523
경기도수원시팔달구인계로94번길39-14,37.2660566,127.0279033
경기도수원시팔달구효원로235번길35,37.2646288,127.0279017
경기도수원시팔달구갓매산로25번길3,37.2667679,127.0058899
경기도수원시팔달구인계로116,37.2673899,127.0301261
경기도수원시팔달구향교로3번길52,37.2692002,127.0023473
경기도수원시팔달구고매로5,37.2702313,127.0043611
경기도수원시팔달구고화로9번길34,37.2697869,127.0061919
경기도수원시장안구팔달로271번길8,4층,37.2899593,127.0144355
경기도수원시팔달구인계로108번길37,37.2661363,127.029041
경기도수원시팔달구권광로134번길46,37.2587452,127.0336373
경기도수원시팔달구고화로13번길23,37.2701292,127.0066065
경기도수원시팔달구갓매산로72-1,37.2700761,127.0030164
경기도시흥시연성로13번길4,37.3905106,126.80542
경기도시흥시평안상가4길21,37.3377894,126.7498048
경기도시흥시오이도로123-1,37.3480078,126.6905228
경기도시흥시옥터로3,37.3475614,126.6929125
시흥시오이도로135번길10,37.3474848,126.6889221
시흥시군자천로315,37.3452391,126.7332957
경기도안성시원곡면만세로1137,37.0448796,127.1545553
경기도안양시만안구장내로139번길7,37.3981476,126.9226399
경기도안양시동안구흥안대로497,37.3984565,126.9764268
경기도안양시만안구현충로2,37.3929615,126.9304136
경기도안양시만안구만안로101,37.391828,126.9314106
경기도안양시동안구흥안대로513,37.3997646,126.9763314
경기도안양시만안구경수대로1180,37.4159964,126.9169805
경기도안양시만안구만안로71,37.3895245,126.9329305
경기도안양시동안구흥안대로84-2,알파존,37.3689543,126.9542361
경기도광명시일직로12번길22,37.4212333,126.8819771
경기도광명시디지털로27,37.4741054,126.8705546
경기도광명시오리로854번길16-18,37.4742753,126.8688583
경기도군포시군포로697,37.3674755,126.9448523
경기도남양주시별내면청학로92번길133,37.7093857,127.1108716
경기도남양주시별내2로70,37.6466717,127.1251642
경기도남양주시진접읍해밀예당1로50-44,37.712,127.1875807
경기도양주시장흥면권율로190-45,37.7304387,126.9507153
경기도양평군개군면신내길7번길37,37.4682941,127.5309286
경기도양평군강하면강남로316,37.500309,127.4217789
경기도오산시경기대로231,37.1455575,127.0731364
경기도이천시중리천로115번길45,37.2760875,127.4511098
경기도이천시중리천로126-19,37.2758197,127.4477777
경기도이천시마장면서이천로449-79,37.2614493,127.3944997
경기도화성시남양읍역골로3-20,37.2001919,126.827936
경기도화성시세자로438,37.2038049,126.9834602
경기도화성시팔탄면버들로1597번길28,37.1164174,126.8755462
경기도화성시향남읍발안공단로5길7-23,37.0861416,126.9085993
경기도화성시남양읍역골로3-12,37.2003632,126.8282329
경기도화성시남양읍시청로290,37.1901474,126.8388204
경기도화성시효행로480,37.2090787,126.9848229
경기도화성시노작로161,37.2024687,127.0732204
경기도화성시향남읍평6길46-1,37.1300878,126.9082134
경기도화성시팔탄면온천로434-26,37.1513426,126.8828671
경기도화성시서신면해안길90,37.1680395,126.6270839
경기도용인시기흥구신정로212,37.2891934,127.0996441
경기도용인시기흥구신정로231,37.2885058,127.0977271
경기도용인시수지구포은대로479,37.3241481,127.1022244
경기도용인시처인구포곡읍성산로633,37.2871315,127.2078735
경기도용인시처인구포곡읍에버랜드로199,37.2933272,127.2013221
경기도의정부시청사로6번길19-7,37.749605,127.0720778
경기도의정부시청사로6번길19-13,37.7498101,127.0720032
경기도의정부시신흥로232번길16,37.7367265,127.0444358
경기도파주시탄현면요풍길68-16,37.7832359,126.6847058
경기도파주시탄현면엘씨디로241번길39-35,37.8089898,126.7587205
경기도파주시소리천로31,37.7156188,126.7618804
경기도파주시탄현면성동로36-30,37.7767994,126.6878193
경기도파주시탄현면엘씨디로241번길39-45,37.8088756,126.7578348
경기도이동면장암리242-2,38.0306009,127.366425
경기도가평군설악면선촌리541-1외1필지,37.6779034,127.4738439
경기도가평군가평읍북한강변로382,37.7641048,127.5414482
경기도가평군상면덕현리산74-12,37.7538027,127.4134872
경기도가평군설악면회곡리467-6,37.7112151,127.4455206
경기도가평군설악면자잠로282번길92,37.7007882,127.4970079
경기도가평군설악면미사리로707-98,37.7181505,127.5417308
경기도가평군설악면유명로2450,37.7160297,127.4390378
경기도여주시강변유원지길45,37.2931499,127.6611943
경기도성남시분당구황새울로352,37.3867354,127.1241678
경기도성남시분당구황새울로321,37.385329,127.121089
경기도성남시분당구황새울로319번길9,37.385548,127.1201835
경기도성남시중원구산성대로184,37.4361052,127.13927
경기도성남시분당구황새울로335번길7,37.3861855,127.12156
경기도성남시분당구판교역로192번길12,37.397491,127.1107446
경기도성남시중원구광명로22-1,37.4329767,127.1317587
경기도성남시수정구위례대로83,37.4677866,127.1431159
경기도성남시수정구위례광장로9-10,37.4649137,127.1406277
경기도성남시분당구성남대로30,37.3383816,127.1094445
경기도성남시분당구서현동261-1번지,37.3865726,127.1212043
경기도하남시하남대로776번길50,37.5402576,127.2133527
경기도하남시하남대로776번길14-30,37.540114,127.2131798
경기평택시평택1로7,36.9927988,127.0865019
경기평택시안중읍서동대로1455,36.991468,126.9127023
경기평택시평택5로76번길18-10,36.9930636,127.1128683
경기평택시신장로41-5,37.078931,127.0503173
경기평택시안정로21번길31,36.9601961,127.0456547
경기평택시현덕면평택호길39-15,36.9162725,126.911126
경기평택시국제로117,37.0785995,127.0495009
경기평택시국제로108,37.0775765,127.0500616
경기평택시신장로33,37.078897,127.0509459
경기평택시관광특구로24,37.0666336,127.0614027
경기평택시포승읍평택항로184번길3-13,36.9763401,126.8422724
경기평택시서정로261,37.0658135,127.0623377
경기도안산시단원구화랑로107,37.3270832,126.8013281
경기도안산시상록구서암로8,37.3021486,126.8500288
경기도안산시상록구양지편로10,37.3079022,126.8488835
경기도안산시상록구성호로1길12-4,37.3096774,126.8687737
경기도안산시단원구사근여길5,37.2855196,126.5730237
빈셀,에러,에러
경기도안산시상록구상록수로20,37.30235,126.8620206
경기도안산시단원구동산로81,37.3144918,126.7989583
경기도안산시상록구양지편로22,37.3086028,126.8500482
경기도안산시단원구중앙대로869,37.3173105,126.8327571
안산시단원구원곡공원로1,37.3337356,126.7916692
경기도김포시대곶면약암로965-7,37.6387579,126.5518696
경기도김포시통진읍김포대로2337-1,37.6943434,126.5876844
경기도김포시태장로795번길123,37.638983,126.6838935
경기도김포시고촌읍장차로5번길5-9,37.602743,126.7692645
경기도김포시태장로795번길151,37.6399295,126.6850994
경기도김포시태장로795번길111,37.6386547,126.6835499
경기도김포시태장로795번길145,37.6404441,126.6843164
경남김해시김해대로2360,35.2260282,128.8851014
경남김해시번화1로67번길20,35.1929587,128.7978494
경상남도양산시동면금오10길51,35.3147859,129.0260637
경상남도창녕군부곡면온천중앙로3,35.4413737,128.5858368
경상남도창녕군부곡면온천중앙로42,35.4390034,128.5886037
경상남도창원시의창구창원대로363번길22-5,35.2378122,128.6400253
빈셀,에러,에러
빈셀,에러,에러
경상남도창원시성산구중앙대로69,35.2217709,128.677275
경상남도창원시성산구중앙대로39번길14,35.2201783,128.6746922
경상남도창원시성산구중앙대로81,35.2225304,128.6779388
경상남도창원시성산구마디미로70번길10,35.2195933,128.6807524
경상남도창원시마산합포구산호북21길8,35.2209003,128.5858756
경상남도창원시마산합포구수산1길285,35.2060648,128.5843996
경상남도창원시마산합포구해안대로317,35.2009593,128.5753391
경상남도창원시마산합포구가포신항북로16,35.1687323,128.5753075
경상남도창원시마산합포구월영동11길19,35.1806508,128.5650954
경상남도창원시마산회원구마산역광장로24,35.2346544,128.5777164
경상남도창원시진해구용원동로221번길60-7,35.091764,128.8126189
빈셀,에러,에러
경상남도창원시진해구가주로42,35.1099906,128.8406399
경상남도창원시진해구진해대로2223,35.1108154,128.8058327
경상남도창원시진해구명제로472번길17,35.1006347,128.7423845
경상남도창원시의창구북면천주로1173번길42,35.357661,128.6079817
빈셀,에러,에러
경상남도창원시의창구우곡로217번길5,35.239708,128.6482963
경상남도창원시성산구상남로118,씨엔엔타워7층,9~11층,35.2234655,128.6831245
경상남도창원시성산구용지로64,4층,35.2216809,128.6760246
경남산청군금서면동의보감로479번길43,35.4388387,127.8299579
경상남도진주시정촌면예하리1301-10,35.1279846,128.1042317
경상남도진주시논개길103,35.1903619,128.0925372
경상남도통영시항북길12-9,34.8462217,128.4300066
경상남도통영시동호로56,34.8427463,128.4313947
경상남도통영시도남로257-27,34.8292014,128.4322555
경상남도통영시통영해안로575,34.8563588,128.4396379
경상남도통영시광도면죽림5로43,34.8854498,128.4206761
경상남도통영시광도면춘원2로49-20,34.9564435,128.4134852
경상남도통영시산양읍삼칭이해안길820,34.8047704,128.4341806
빈셀,에러,에러
경상남도통영시도남로347,34.8244584,128.4393895
경상남도통영시미수해안로152,34.8329426,128.4139875
경상남도통영시산양읍척포길628-113,34.7657646,128.4099652
경상남도통영시도남로257-21,34.8290098,128.4322169
경상남도통영시미수해안로72,34.8320276,128.4068899
경상남도통영시평인일주로486-1,34.8542432,128.3832852
경상남도통영시용남면남해안대로18,34.8907955,128.473908
경상남도통영시항남2길25-44,34.841783,128.4229453
경상남도통영시항남5길12-12,34.8411047,128.4212301
경상남도통영시새터길74-9,34.8413408,128.4208839
경상남도통영시도남로314,34.8244885,128.4349961
경상남도통영시동문로31,2층,34.8469617,128.4270376
경상남도통영시남망길185,34.8397704,128.4316077
경상남도통영시안개로14-14,34.8569607,128.4298823
경상남도통영시중앙시장3길19,34.8462565,128.4261328
경상남도통영시동충2길9,34.8404847,128.4222329
경상남도통영시항남2길15-10,34.8420795,128.422613
경상남도통영시중앙시장4길6-27,34.8451925,128.4265559
경상남도통영시충렬로14-25,34.8426658,128.420561
경상남도통영시용남면해간길46-87,34.8652657,128.4685036
경상남도통영시해송정4길37,34.8430792,128.4299948
빈셀,에러,에러
경상남도사천시용현면청골길126,35.0497688,128.0549003
경상남도사천시사천읍역사길12,35.0811789,128.0856925
경상남도사천시사천대로80,34.9365106,128.0475629
경상남도사천시남일대길70,34.9279876,128.0962844
경상남도밀양시가곡7길5-1,35.4745975,128.7673075
경상남도합천군가야면치인1길13-45,35.7889768,128.0872558
경상남도남해군삼동면동부대로1122번길132-52,34.8022287,128.0525162
경상남도남해군서면스포츠파크길73,34.8041455,127.8361435
경상남도남해군창선면서부로1503-16,34.9190514,128.0265876
경상남도남해군서면남서대로1687번길28-12,34.8090561,127.8338279
경상남도거제시서간도길16,34.889653,128.6875295
경상남도거제시거제중앙로1898-5,34.8880102,128.6239609
경상남도거제시장평3로80-37,34.8961574,128.6123224
경상남도거제시일운면거제대로2752,34.8475346,128.7098285
경상남도거제시일운면거제대로2190,34.8113725,128.7041826
경상남도거제시옥포대첩로425,34.9140093,128.7146284
경상남도거제시장승포로93-1,34.863846,128.7306428
경상남도거제시장평1로13,34.8918319,128.6170588
경상남도거제시남부면해금강로132,34.739836,128.6634955
경상남도거제시장평4로2길11-9,34.8857277,128.6038694
경상남도거제시일운면거제대로2190,34.8113725,128.7041826
경상남도거제시일운면거제대로2244,34.8159503,128.7044189
빈셀,에러,에러
경상남도거제시옥포로2길13,34.8907602,128.6961456
경상남도거제시일운면거제대로2372,34.8224454,128.709963
경상남도거제시일운면거제대로2308,34.818288,128.7047517
경상남도거제시장평1로9길21-4,34.8927519,128.6104231
경상남도거제시장평1로13,34.8918319,128.6170588
경상남도거제시장목면거제북로2501-40,35.008115,128.7118855
경상남도거제시옥포로19길21,2층,34.8938137,128.6886271
경상남도거제시국산로24-17,34.9033203,128.6837586
경상남도거제시능포로114,34.8740385,128.7312661
경상남도거제시장승포로5길14,34.8670482,128.7306414
경상북도포항시북구죽파로6,36.0293405,129.3570632
경상북도포항시남구송도로71,36.0346902,129.3779568
경상북도포항시남구중앙로128,36.0245344,129.3685187
경상북도포항시북구삼호로265번길1,36.0615425,129.3796586
경상북도포항시북구해안로89,36.0567181,129.3776674
경상북도포항시북구해안로91,36.0568541,129.3777202
경상북도포항시북구해동로211-1,36.0381005,129.3694669
경상북도포항시남구새천년대로460번길14,36.0158369,129.34765
경상북도경주시보문로484-7,35.839995,129.2856989
경상북도경주시보문로338,35.8503202,129.2771896
경상북도경주시불국로289-17,35.7878237,129.3217766
경상북도경주시보문로422,35.8443874,129.2851434
경상북도경주시엑스포로45,35.8381611,129.2902091
경상북도경주시불국로61,35.7828561,129.3016259
경상북도경주시보문로407,35.8468395,129.2850081
경상북도경주시보문로465-37,35.8405821,129.2926125
경상북도경주시태종로699번길3,35.8389727,129.2043837
빈셀,에러,에러
경상북도경주시영불로207,35.7815297,129.324752
경상북도경주시엑스포로55-12,35.8355082,129.2926252
경상북도경주시원화로340번길12,35.8502874,129.2179012
경상북도경주시노서동117-2번지,35.8419029,129.2077039
경상북도경주시감포읍감포로226-4,,35.8080484,129.5090364
경상북도김천시대항면황학동길35-23,36.1159825,128.0169034
빈셀,에러,에러
경상북도안동시관광단지로346-69,36.568385,128.7820813
경상북도안동시관광단지로346-84,36.5672341,128.7804888
경상북도안동시풍천면검무로10-17,36.5757425,128.4951859
경상북도안동시호암길13,36.5730929,128.6775731
경상북도안동시용상북1길51,36.5624776,128.74665
경상북도안동시노하2길19-5,36.578478,128.6803373
경상북도구미시금오산로217-16,36.1214652,128.3252175
경상북도구미시3공단1로296,36.1086272,128.4026749
경상북도구미시인동중앙로3길44-4,36.1099273,128.4190593
경상북도구미시여헌로9,36.1032258,128.4234009
경상북도구미시금오산로400,36.1102854,128.3096061
경상북도구미시1공단로5길86-15,36.1099971,128.3771578
경상북도영주시풍기읍풍기로53,36.8697795,128.5247962
경상북도영주시대학로22번길9,36.8101189,128.6213688
경상북도영천시화북면정각길22,36.138929,128.9951119
경상북도문경시문경읍새재2길32-11,36.7610856,128.0783416
경상북도경산시남산면상대로116길18,35.7807577,128.7923843
경상북도군위군부계면한티로2246,36.0685489,128.6613034
경상북도청송군청송읍중앙로315,36.4359293,129.0629165
경상북도영덕군강구면삼사길108-10,36.3445806,129.3837223
경상북도영덕군강구면해상공원길115,36.3510729,129.3831776
경상북도청도군화양읍온천길23,35.6888638,128.7190167
경상북도성주군수륜면가야산식물원길52,35.8029939,128.14264
경북봉화군춘양면운곡1길8-18,36.938927,128.9179109
경북울진군북면덕구온천로924,37.0790483,129.2842494
경북울진군울진읍현내항길97,36.9917527,129.4098504
경북울진군근남면노음1길2,36.9626582,129.3968009
경북울진군온정면온천로104,36.7204583,129.3404723
경상북도울릉군울릉읍도동1길21-1,37.4826959,130.9073245
경상북도울릉군울릉읍중령길129-128,37.4654535,130.8689477
경상북도울릉군울릉읍옥천길148,37.4741456,130.8815942
경상북도울릉군울릉읍도동2길8-6,37.4830891,130.9087707
경상북도울릉군울릉읍도동1길25,37.4828167,130.9072059
경상북도울릉군울릉읍도동3길22,37.4841551,130.9052508
경상북도울릉군울릉읍사동2길188,37.4810403,130.8886074
경상북도울릉군울릉읍도동3길19,37.4839388,130.9052862
경상북도울릉군울릉읍울릉순환로772,37.46186,130.8758862
경상북도울릉군울릉읍저동4길47,37.5057921,130.9120826
경상북도울릉군울릉읍간령길93-60,37.4605444,130.8719938
경상북도울릉군울릉읍울릉순환로680,37.468907,130.881316
경상북도울릉군울릉읍울릉순환로219-3,위드U,37.4920828,130.9091501
광주광역시동구지호로214-7,35.153869,126.9429005
광주광역시동구지호로164번길14-10,35.1487536,126.9468443
광주광역시동구금남로226-11,35.1486718,126.9165133
광주광역시동구서석로10번길5,35.1448654,126.9158034
광주광역시동구동명로20번길20,35.1503739,126.9255873
광주광역시서구상무자유로149,35.1520453,126.8505665
광주광역시서구상무누리로55,35.1475597,126.8381143
광주광역시서구상무연하로68,35.1543134,126.8504909
광주광역시서구상무중앙로38번길5-8,35.1508808,126.8494894
광주광역시서구상무연하로46,35.1522624,126.8505608
광주광역시서구시청로20번길21-6,35.1507987,126.8544119
광주광역시광산구무진대로212번길13-33,35.1611006,126.8055222
광주광역시광산구임방울대로800번길25,35.2162991,126.8462522
대구광역시중구달구벌대로2033,35.8664278,128.5860059
대구광역시중구태평로117,35.8761604,128.5907901
대구광역시중구국채보상로611,35.8708765,128.5980851
대구광역시중구동성로12길9,35.8716411,128.5963193
대구광역시중구중앙대로77길47,35.8683528,128.590853
대구광역시동구율암로164,35.8889418,128.7058641
대구광역시동구동촌로200,35.8823564,128.662096
대구광역시동구팔공산로185길11,35.9909459,128.6921043
대구광역시동구팔공산로1121,35.9916441,128.6901407
대구광역시동구공항로221,35.8999974,128.6376367
빈셀,에러,에러
대구광역시남구이천로13,35.8422668,128.597636
대구광역시북구유통단지로80,35.906971,128.6111858
대구광역시수성구팔현길212,35.8743559,128.6597811
대구광역시수성구동대구로305,35.8576433,128.625315
대구광역시수성구용학로106-7,35.8241399,128.6184081
대구광역시수성구동대구로27,35.8327679,128.622905
대구광역시수성구범어천로73,35.8536728,128.6224259
대구광역시달서구성서로413,35.8545178,128.5066714
대구광역시달서구달구벌대로1910,35.8621181,128.5737027
대구광역시달성군논공읍하리509번지외,35.7427173,128.4272688
대구광역시달성군구지면내리841-7,35.6423495,128.42226
대구광역시달성군구지면내리841-6,35.6423626,128.4218197
대전광역시동구동서대로1700,36.3491637,127.4385309
대전광역시동구동서대로1683번길76-7,36.3526486,127.4358842
대전광역시중구대종로505번길50,36.3285057,127.422454
대전광역시중구대종로386번길45,36.3207353,127.4332712
대전광역시서구한밭대로570번길29-12,36.3569362,127.3627304
대전광역시서구한밭대로570번길29-20,36.3569376,127.3632513
대전광역시유성구엑스포로123번길33,36.3765582,127.3922983
대전광역시유성구온천로9,36.3561313,127.3386424
대전광역시유성구온천로92,36.3542931,127.3478601
대전광역시유성구계룡로141번길21,36.3535292,127.3459221
빈셀,에러,에러
대전광역시유성구테크노중앙로57,36.4263396,127.3920949
대전광역시유성구테크노중앙로69,36.4258566,127.393287
대전광역시유성구온천로88,36.3539471,127.347282
대전광역시유성구온천로101번길30,36.3557135,127.3496105
대전광역시유성구온천로81,36.3551308,127.3478697
대전광역시유성구도룡동4-27,36.3751756,127.3929897
부산광역시중구광복로97번길23,35.1002923,129.034629
부산광역시중구중구로151,35.1089241,129.0347235
부산광역시중구백산길20,35.1011387,129.0343482
부산광역시중구중앙대로125,35.1090247,129.0366053
부산광역시중구자갈치로47번길3-1,35.0974853,129.0292407
부산광역시중구광복로67번길8,35.0992364,129.0327598
부산광역시중구해관로79-1,35.1060682,129.0351643
부산광역시중구구덕로53,35.0978575,129.0299368
부산광역시중구대청로107,35.1031247,129.0316951
부산광역시중구초량중로8-1,2층,35.1127976,129.0363458
부산광역시서구암남공원로9,35.0746077,129.0155456
부산광역시서구충무대로16,35.0772452,129.0164039
부산광역시서구등대로113,35.0849779,129.0262666
동구중앙대로399,35.1305947,129.0501798
동구조방로34번길9,35.1404237,129.0623798
동구중앙대로214번길7,35.1161921,129.0413534
동구중앙대로196번길12,35.1141404,129.0407721
동구중앙대로296번길6,35.1225777,129.0446176
동구고관로7,35.1203091,129.0414799
동구중앙대로214번길7-8,35.1161879,129.0417391
동구초량중로60,35.1171481,129.0385206
동구중앙대로226번길3-2,35.1170845,129.0416589
부산광역시동구초량중로18-1,35.1137053,129.0368181
동구초량중로11,2층,35.1131605,129.0362653
부산광역시영도구태종로65번길11-0,35.093144,129.0384432
부산광역시부산진구가야대로772,35.1568255,129.0564313
부산광역시부산진구서전로39,35.1579814,129.0640589
부산광역시부산진구중앙대로777,35.1618574,129.0618849
부산광역시부산진구부전로56,35.1550304,129.0552932
부산광역시부산진구중앙대로691번가길10,35.1548417,129.056031
부산광역시부산진구부전로67,35.1561498,129.0544093
부산광역시부산진구중앙대로743번길24,35.1598044,129.0589832
부산광역시부산진구부전로33-1,35.1532435,129.0558456
부산광역시부산진구부전로18-5,35.1522385,129.0570963
부산광역시부산진구서면로68번길52,7층,35.1546664,129.0582526
부산광역시부산진구중앙대로691번가길14-7,35.1552121,129.0561784
부산광역시부산진구서면로6,35.1510504,129.0581979
부산광역시부산진구새싹로35,35.1606506,129.0564822
부산광역시동래구금강공원로20번길23,35.2202587,129.0822417
부산광역시남구유엔평화로35,35.1319106,129.0923839
부산광역시남구유엔평화로4번길34,35.1345872,129.0899594
부산광역시북구만덕대로84,4층,35.2120861,129.0140767
부산광역시해운대구동백로67,35.1558165,129.1540569
부산광역시해운대구마린시티1로51,35.1565346,129.1417006
부산광역시해운대구해운대해변로217,35.1591009,129.1551543
부산광역시해운대구해운대해변로292,35.160102,129.1631314
부산광역시해운대구해운대해변로296,35.1599249,129.1641055
부산광역시해운대구구남로29번길21,35.1623988,129.1612545
부산광역시해운대구달맞이길97,35.1589063,129.1745151
부산광역시해운대구해운대로608번길10,35.1625312,129.1577995
부산광역시해운대구해운대해변로265번길13-20,35.1606968,129.1602263
부산광역시해운대구구남로24번길16,35.1616174,129.1593299
부산광역시해운대구송정광어골로70,35.175373,129.1959608
부산광역시해운대구송정광어골로49,35.1768792,129.1967971
부산광역시해운대구해운대해변로310,35.1614645,129.1646476
부산광역시해운대구해운대해변로209번길8,35.1590784,129.1545026
부산광역시해운대구해운대해변로317,35.162273,129.1648384
부산광역시해운대구해운대해변로237번길5,35.1595069,129.1573545
부산광역시해운대구해운대해변로237번길12,35.1598358,129.1579542
부산광역시해운대로570번길46,35.159806,129.1587258
부산광역시해운대구송정광어골로30,35.1787584,129.1973114
부산광역시해운대구송정광어골로39,35.1776556,129.197353
부산광역시해운대구달맞이길209,35.1595075,129.1832201
부산광역시해운대구해운대해변로314,35.1616303,129.1648474
부산광역시해운대구구남로12번길37,35.1615454,129.1578255
해운대구송정해변로8-17,35.1814852,129.2043619
부산광역시해운대구센텀2로25,35.1669544,129.132947
부산광역시해운대구송정광어골로15-1,35.1795371,129.1986397
부산광역시해운대해변로321,35.1624945,129.1652538
부산광역시해운대구송정중앙로33번길15,35.1830652,129.2044321
부산광역시해운대구송정해변로10,35.1809704,129.204756
부산광역시해운대구송정중앙로6번길180,35.1766571,129.1967082
부산광역시해운대구송정광어골로47,35.1770331,129.1968749
부산광역시해운대구달맞이길62번가길31,2층,35.1586791,129.1716261
부산광역시해운대구우동1로20번길5,35.1638503,129.1570116
부산광역시해운대구송정광어골로65,35.1756133,129.1964556
부산광역시해운대구해운대해변로197번길13,35.1591859,129.1526585
부산광역시해운대구송정광어골로88,35.1737172,129.1962911
부산광역시해운대구송정강변로23,35.1836164,129.2053435
부산광역시해운대구해운대로107,35.1876561,129.1212358
부산광역시해운대구송정광어골로29,35.1785685,129.1979049
부산광역시해운대구송정동444-9,35.1742642,129.1957541
부산광역시해운대구해운대해변로197번길14,35.1593725,129.1529775
부산광역시해운대구달맞이길62번길78,35.1564077,129.1751287
부산광역시해운대구해운대로570번길55,6층,35.1600965,129.1600875
부산광역시해운대구해운대해변로209번가길25,35.1596169,129.1565605
부산광역시해운대구송정광어골로67,35.1753744,129.1964659
부산광역시해운대구송정광어골로3,35.1806066,129.1992106
부산광역시해운대구해운대해변로359번길27,7층,35.1648859,129.1684037
부산광역시해운대구해운대해변로359번길27,3~4층,35.1648859,129.1684037
부산광역시해운대구해운대해변로359번길27,5~6층,35.1648859,129.1684037
해운대구달맞이길62번가길37,6층,35.1584821,129.1719063
해운대구송정중앙로36번길25,35.1814616,129.2031017
해운대구송정구덕포길130,35.1700339,129.1972445
해운대구송정광어골로58-1,35.1764535,129.1958562
부산광역시사하구낙동남로1405번길14,35.1073437,128.9656502
부산광역시사하구낙동남로1423번길47,35.1083364,128.9658364
부산광역시금정구금정로242,35.2448509,129.0919296
중앙대로1121,35.1877113,129.0806604
월드컵대로164번길26,35.1877482,129.0793316
거제천로154번길42,35.1862861,129.0789134
반송로20,35.2429902,128.6606564
과정로161,35.1859209,129.1068237
부산광역시수영구광안해변로225,35.1540727,129.118724
부산광역시수영구무학로9번길133,35.1674017,129.1170397
부산광역시수영구광남로96,35.1504488,129.11506
부산광역시수영구광안해변로217,35.1534261,129.1179754
부산광역시수영구민락수변로141,35.1564919,129.1346256
부산광역시수영구남천바다로33번길25,4~6층,35.1495084,129.1145735
부산광역시수영구남천바다로33번길51,35.1506694,129.1153978
부산광역시수영구남천바다로33번길12,35.1488877,129.1145383
부산광역시수영구광안해변로284번길3,35.1557824,129.125063
부산광역시수영구민락수변로29,35.1533383,129.1246407
부산광역시수영구민락본동로12-4,35.1576484,129.1287003
부산광역시수영구광안해변로203,35.1524994,129.1173754
부산광역시수영구남천바다로33번길31,35.1498256,129.1147672
부산광역시수영구남천바다로33번길47,35.1505048,129.1152966
부산광역시수영구광안해변로249,7,9층,35.1551686,129.1211637
부산광역시수영구광안해변로295번길4-7,2~4층,35.1570135,129.1259132
부산광역시수영구남천바다로31-1,35.1487652,129.1140254
부산광역시수영구광안해변로284번길43,35.1540371,129.125562
부산광역시수영구광안해변로191,35.1515708,129.1166675
부산광역시수영구광안해변로247,6층,35.1550462,129.1208365
부산광역시수영구민락수변로13-1,35.1546374,129.1241712
부산광역시수영구광남로106,3층,35.1512456,129.1155215
부산광역시수영구남천바다로33번길15,35.1492132,129.1143045
부산광역시수영구민락수변로7번길16,6층,35.1552586,129.1245627
부산광역시수영구광안해변로179,6층,35.1506001,129.1158653
부산광역시수영구광안해변로295번길4-11,35.1571268,129.1260377
부산광역시수영구광안해변로290번길6,2,7층,35.1558594,129.1252462
부산광역시수영구광안로62번길1,3~4층,35.1545698,129.1187259
부산광역시수영구남천바다로31-1,7~8층,35.1487652,129.1140254
부산광역시수영구광안해변로237,601호,35.1547253,129.1199263
부산광역시수영구광남로29,3층,35.1455352,129.1106392
부산광역시수영구민락수변로13,2층,35.1547317,129.1241192
부산광역시수영구광안해변로284번길16,35.1552106,129.1248253
부산광역시수영구광안해변로247-1,5층,35.1550952,129.1209773
부산광역시수영구수영로663,2층,35.164993,129.1143128
부산광역시수영구민락본동로11번길79,35.156552,129.1245835
부산광역시수영구민락수변로7번길20,2층,7층,35.1553138,129.1248012
부산광역시수영구남천바다로33번길86,7층,35.151747,129.1166208
부산광역시수영구광안해변로370번길7,해수월드6층,35.155895,129.1335469
부산광역시수영구광남로132,6층,35.1532201,129.1170441
부산광역시수영구수영로464번길22,4층,35.1469102,129.1113651
부산광역시수영구민락본동로11번길42,9층,35.1574477,129.126293
부산광역시사상구광장로48,35.162031,128.9819544
부산광역시사상구광장로81번길55,35.1648826,128.98399
부산광역시기장군장안읍장안로38,35.3433993,129.2532003
부산광역시기장군기장읍기장해안로268-32,35.1981931,129.2285839
울산중구번영로538,35.5669778,129.3415053
울산광역시남구삼산로282,35.538602,129.3380942
울산광역시남구삼산로246,35.5383458,129.3341173
울산광역시남구삼산로395번길11,35.5407046,129.3510172
울산광역시남구삼산로204,35.5375358,129.329616
울산광역시남구삼산로200,35.5374101,129.3291542
울산광역시남구삼산로392번길8,35.5389106,129.3496516
울산광역시남구화합로178번길7,35.5406794,129.3402559
울산광역시남구남중로65,35.5402355,129.3473937
울산광역시남구산업로647번길14,35.5393079,129.349501
울산광역시동구방어진순환도로875,35.5196519,129.4303161
울산광역시동구바드래1길15,35.5174116,129.430599
빈셀,에러,에러
울산광역시울주군서생면나사리129번지,35.3559291,129.3504076
울산광역시울주군서생면진하해변길74,35.3842937,129.3459173
제물량로257,37.4743113,126.6170417
연안부두로43번길12,37.4538157,126.6025291
연안부두로53번길15,37.4536215,126.6023636
제물량로217,37.47212,126.619617
월미로233번길11,37.4745724,126.6006031
월미로243번길5,37.4741224,126.5996032
월미로248번길1,37.47389,126.5985579
월미로242번길7-2,37.4743804,126.5984903
월미로207,37.4773575,126.6000802
월미로266,37.4728052,126.5975573
월미로260번길12,37.4740256,126.5977893
월미로229,37.4753941,126.599855
신포로23번길3,37.4710703,126.6244494
월미로260번길8,37.4735794,126.5980304
월미로218번길6,37.4767583,126.5991097
월미로234번길12,37.4756014,126.5981445
월미로234번길10,37.4755663,126.5984948
월미로248번길2,37.4741145,126.5986797
반달로3번길16,37.4769856,126.600443
신포로23번길49,401호,37.4720549,126.6224468
자유공원로3-8,37.4749827,126.630597
월미로195,37.4774623,126.6012671
인천중구운중로21번길8,37.4942524,126.5367788
인천중구용유서로373-1,37.4510127,126.3717551
인천중구용유서로283,37.4440459,126.3773211
인천중구왕산로40,37.4612859,126.3686838
인천중구마시란로34,37.4263341,126.4218321
인천중구을왕로58번길6,37.4492303,126.3721626
인천중구용유서로479번길50-7,37.4642593,126.3690226
인천중구선녀바위로55번길13,37.4419922,126.3786909
인천중구마시란로40,37.4265967,126.4211778
인천중구을왕로58번길7,37.4495693,126.3718546
인천중구용유서로172번길22,37.4496491,126.3891917
인천중구대무의로119,37.4028324,126.417655
인천중구공항서로345,37.454068,126.4178114
인천중구을왕로58번길5,37.4494657,126.3715815
인천중구용유서로304번길12,37.4463816,126.376349
인천중구큰무리로22,37.4042237,126.4122251
인천중구선녀바위로35,37.4425753,126.3777528
인천중구선녀바위로55번길35,37.4434774,126.3785049
인천중구용유서로340,37.448336,126.3743487
인천중구마시란로51-13,37.4263115,126.4203038
인천중구용유서로340,37.448336,126.3743487
인천중구선녀바위로55번길18,37.4418707,126.3796596
인천중구마시란로51-29,37.4258694,126.4207203
인천중구을왕로58번길9,37.4496107,126.3720787
인천중구을왕로58번길9-4,37.4497392,126.3723801
인천중구용유서로304번길6,37.4459029,126.3762484
인천중구을왕로58번길9-9,37.4498335,126.3716426
인천중구을왕로58번길9-9,37.4498335,126.3716426
인천중구을왕로58번길8,37.4492512,126.3725594
인천중구용유서로274번길28,37.4460435,126.3779188
인천중구을왕로40번길5,37.4485033,126.3729456
인천중구을왕로58번길10-9,37.4493442,126.3727969
인천중구선녀바위로55번길17,37.4421953,126.3787017
인천중구선녀바위로55번길17,37.4421953,126.3787017
인천중구을왕로58번길11,37.450187,126.3718029
인천중구을왕로40번길10,37.4487426,126.3735184
인천중구용유서로302번길14-2,37.4458374,126.377513
인천중구용유서로302번길11,37.445988,126.3766961
인천중구용유서로150,37.4483865,126.3911058
인천중구왕산로62,37.4627544,126.3672011
인천중구을왕로58번길9-6,37.449919,126.3722218
인천중구왕산로38번길7,37.4613467,126.3690194
인천중구을왕로58번길11-1,37.4501648,126.3722727
인천중구을왕로58번길13-17,37.4503563,126.3718652
인천중구용유서로450번길64,37.4585505,126.3780764
인천중구용유서로450번길62,37.4585291,126.3772725
인천중구대무의로229,37.3961462,126.4248291
인천중구왕산로48번길7,37.4622659,126.3684172
인천중구을왕로13번길5,37.4457202,126.3735883
인천중구대무의로488,37.3758066,126.4327027
중구용유서로304번길6,37.4459029,126.3762484
중구용유서로479번길27-1,37.462263,126.3693801
중구용유서로423번길31-1,37.4569507,126.3687429
중구용유서로302번길15,37.4461432,126.3766085
중구선녀바위로55번길10-15,37.4416092,126.3798568
인천중구용유서로302번길22,37.4468332,126.3768729
인천중구대무의로497,37.3752646,126.4338036
인천중구용유서로518,37.4633978,126.3727114
인천중구대무의로261,37.3939435,126.4267203
인천중구큰무리로35-2,37.4028269,126.4104883
인천중구왕산로52번길14,37.462313,126.3682532
인천중구선녀바위로55번길20,37.4423875,126.3793683
인천중구용유로380번길10,37.4500196,126.4042856
인천중구용유서로348번길12,37.4495224,126.3747347
인천중구용유서로348번길12,37.4495224,126.3747347
인천중구용유서로348번길12,37.4495224,126.3747347
인천중구용유서로348번길12,37.4495224,126.3747347
인천중구용유서로302번길21-15,37.447723,126.3762963
인천중구늘목로30-47,37.454495,126.3975998
인천중구큰무리로36,37.4034446,126.4099494
인천중구용유서로302번길14-6,37.4460246,126.3775163
인천미추홀구주안중로22-1,37.4604288,126.6830899
인천연수구능허대로267번길29,37.4142032,126.6554125
인천연수구능허대로227-7,37.4162043,126.6514439
인천연수구용담로85번길24,37.4173925,126.6761703
인천남동구백범로367,37.4655032,126.7096725
인천남동구석촌로46번길47,37.4642918,126.7116368
인천남동구앵고개로934번길30,37.4009653,126.7352209
인천남동구소래역로26-16,37.3995236,126.7363914
인천남동구예술로204번길15,37.4524216,126.7023788
인천남동구석촌로57,37.4655467,126.7086722
인천남동구인하로507번길50,37.4455251,126.7034102
인천남동구남동대로765번길8,37.4510398,126.7070809
인천남동구앵고개로948번길48,37.4007114,126.7363938
인천남동구인하로507번길56,37.4457568,126.7034273
인천남동구선수촌공원로17번길6,37.4407745,126.7093842
인천남동구소래역로44,37.4010469,126.7348277
인천부평구광장로10,37.4904447,126.7220688
인천계양구계양대로28,37.5263378,126.722954
인천계양구계양문화로17번길8,37.5325783,126.7353607
인천계양구경명대로972번길5-14,37.5431443,126.7145662
인천계양구장제로730번길14,37.5326054,126.7355741
인천계양구계양문화로53번길6,37.5359242,126.7359188
인천계양구계양문화로59번길9,37.5359602,126.735502
인천계양구계양문화로54,7층,37.5355074,126.7368598
인천서구서곶로301번길28,37.5448298,126.6735901
인천서구탁옥로51번길13-9,37.5450333,126.6743386
인천서구탁옥로33번길15,37.5455077,126.6731921
인천서구원당대로874,37.593162,126.6983976
인천서구서곶로301번길21,37.544357,126.6743305
인천서구오류로14번길23,37.5954992,126.6317877
인천서구서곶로301번길19,테마모텔,37.5443996,126.6746516
인천서구북항로32번길20,37.5083086,126.6452637
인천서구오류동1744-3,37.5951648,126.6314624
인천강화군길상면전등사로41,37.6321758,126.4909793
인천강화군강화읍화성길50번길43,37.734904,126.4743444
인천옹진군영흥면영흥로757번길51,37.2710761,126.4486138
인천연수구컨벤시아대로153,37.3902357,126.6453916
연수구테크노파크로151,37.3881866,126.6408635
중구신도시남로150번길8,37.4944563,126.4914716
중구영종해안남로321번길208,37.4405294,126.4575405
중구공항로424번길48-27,37.4383984,126.4595532
중구영종해안남로321번길190,37.4399454,126.4561562
중구신도시남로150번길18,37.4944203,126.4925479
중구흰바위로59번길31,37.4943589,126.4928725
중구신도시남로149번길11,37.4945147,126.489124
연수구컨벤시아대로165,37.3891409,126.6444427
연수구테크노파크로193,37.3905325,126.6373623
중구영종해안남로19-5,37.4245618,126.4253816
연수구센트럴로229,37.3922848,126.6397007
연수구인천타워대로251,37.3931819,126.6328905
중구영종해안남로321번길186,37.4372949,126.4557321
연수구컨벤시아대로233,37.3845592,126.6387528
전라북도전주시완산구기린대로81,35.8164434,127.1550399
전라북도전주시완산구노송광장로51,35.8253887,127.1454096
빈셀,에러,에러
전라북도전주시덕진구전주천동로501,35.8371861,127.1309697
전라북도전주시덕진구정언신로182,35.8315786,127.1734089
전라북도전주시완산구전라감영로40,35.8151647,127.1435142
전라북도전주시완산구전주객사2길45-7,35.818435,127.1402045
전라북도전주시완산구전주객사5길44-5,35.8204288,127.1453983
전라북도전주시완산구전주객사2길28-27,35.8184309,127.1414138
전라북도전주시완산구전주객사4길74-50,35.8208164,127.1443231
전라북도전주시완산구팔달로212-9,35.8216488,127.1468908
전라북도전주시완산구전주천서로81,35.8099104,127.1523994
전라북도전주시완산구온고을로211,35.8384947,127.1009474
전라북도전주시완산구팔달로150-17,35.8161589,127.1486163
전라북도전주시완산구은행로22,35.8179522,127.1517409
전라북도전주시완산구팔달로144-4,35.815261,127.1485223
전라북도전주시완산구전동성당길12-14,35.8183909,127.1477301
전라북도전주시완산구동문길54-23,35.8191935,127.1507339
전라북도전주시완산구현무1길21-27,35.8203281,127.1471062
전라북도전주시완산구현무3길56,35.8222084,127.1503265
전북군산시성산면철새로56,36.0152667,126.7619708
전북군산시한밭안길30,35.9584666,126.6928211
전북군산시가도안1길45,35.9463458,126.5615426
전북군산시새만금북로435,35.9484894,126.5839656
전북군산시가도안1길17,35.9460218,126.5585395
전북군산시소룡1길55,35.973312,126.6766005
전북군산시백릉안1길8,35.969576,126.7324619
전북군산시부곡3길6,35.9616072,126.6890317
전북군산시해망로10,35.9763459,126.7244403
전북군산시대학로400,35.9589179,126.690139
익산시인북로10,35.930261,126.9497162
전북익산시목천로1길9,35.9303912,126.9447606
익산시동서로370,35.9500404,126.9748658
전라북도정읍시중앙로170,35.5645302,126.8565577
전라북도남원시주천면원천로217,35.4083076,127.4152945
전북남원시소리길124,35.4065271,127.3899445
전북완주군이서면신지앵곡길243,35.8026666,127.0315085
전북무주군설천면만선로185,35.8892994,127.7458007
전북무주군설천면만선로184,35.8892994,127.7458007
전북무주군설천면구천동1로30,35.9052012,127.7776296
전북무주군설천면구천동1로129-15,35.8971731,127.7748809
전북부안군변산면변산해변로51,35.6313605,126.4699701
전북부안군변산면모항해변길73,35.5808735,126.5077534
전북부안군변산면채석강길33,35.6273858,126.4700065
제주특별자치도제주시노연로80,33.4856126,126.488913
제주특별자치도제주시탑동로47,33.5176335,126.519741
제주특별자치도제주시중앙로151,33.5060305,126.526277
제주특별자치도제주시삼무로67,33.4901143,126.4938715
제주특별자치도제주시서사로20,33.5106661,126.5188686
제주특별자치도제주시탑동로66,33.5188062,126.5181385
제주특별자치도제주시신대로12길45,33.4885267,126.4916748
제주특별자치도제주시조천읍신북로481-9,33.544258,126.6617981
제주특별자치도제주시관덕로26,33.5128585,126.5220108
제주특별자치도제주시탑동로5,33.5167634,126.5241728
제주특별자치도제주시탑동로9,33.5168718,126.5236889
제주특별자치도제주시연동6길17,33.4843053,126.4894391
제주특별자치도제주시신대로20길49,33.4835638,126.4908887
제주특별자치도제주시사장3길32,33.4827443,126.4912489
제주특별자치도제주시삼성로10,33.5051187,126.5274939
제주특별자치도제주시신대로45,33.4932304,126.4972113
제주특별자치도제주시도령로108,33.4913374,126.4894293
제주특별자치도제주시삼무로79,33.4900041,126.495248
빈셀,에러,에러
제주특별자치도제주시조천읍조함해안로490,33.5425601,126.6651761
제주특별자치도제주시한림읍한창로925-122,33.3377476,126.3124114
제주특별자치도제주시삼무로48,33.4894782,126.4917749
제주특별자치도제주시연동6길33,33.4829682,126.4893246
제주특별자치도제주시구좌읍일주동로1626,33.551954,126.7066643
제주특별자치도제주시은남길37,33.486298,126.4959255
제주특별자치도제주시애월읍중엄3길50,33.4779874,126.3716357
제주특별자치도제주시도령로66,33.489286,126.4855967
제주특별자치도제주시한림읍금능남로127,33.3796762,126.2396079
제주특별자치도제주시도령로126,33.4924023,126.4907508
제주특별자치도제주시동광로45,33.5030019,126.5335665
제주특별자치도제주시동광로6길10,33.501025,126.5318572
제주특별자치도제주시노연로13,33.4863046,126.4816483
제주특별자치도제주시신대로68,33.4913557,126.4963479
제주특별자치도제주시고마로15길33,33.5089388,126.5429808
제주특별자치도제주시서광로254,33.4995221,126.523661
제주특별자치도제주시서해안로442-9,33.5173861,126.4880515
제주특별자치도제주시삼무로12,33.4897254,126.4877921
제주특별자치도제주시서해안로526,33.5195968,126.495215
제주특별자치도제주시도령로83,33.4906899,126.486501
제주특별자치도제주시노연로24,33.4858587,126.4826596
제주특별자치도제주시광양8길24,33.4998088,126.5270781
제주특별자치도제주시신대로60,33.4921369,126.496382
제주특별자치도제주시사장1길26,33.4853759,126.4928387
제주특별자치도제주시서광로2길9,33.499235,126.5129784
제주특별자치도제주시연북로217,33.4819443,126.5048818
제주특별자치도제주시일주서로7490,33.4936203,126.4470465
제주특별자치도제주시애월해안로408,33.4718537,126.3527142
제주특별자치도제주시애월해안로406,33.4713291,126.3526168
제주특별자치도제주시서해안로368-3,33.5115527,126.4849894
제주특별자치도제주시일주서로7316,33.4924232,126.4286952
제주특별자치도제주시삼무로14,33.4897236,126.4882527
제주특별자치도제주시신대로22길4,33.4824264,126.4947498
제주특별자치도제주시서사로129,33.5008274,126.5202293
제주특별자치도제주시임항로249,33.5177964,126.5395496
제주특별자치도제주시연동251-79,33.4890296,126.4879024
제주특별자치도제주시중앙로34,33.5153525,126.5244965
제주특별자치도제주시애월읍애월해안로554-10,33.4772734,126.3628234
제주특별자치도제주시애월읍애월해안로656,33.4794503,126.3735244
제주특별자치도제주시서광로265,33.5002484,126.5247337
제주특별자치도제주시노연로100,33.4854875,126.4910407
제주특별자치도제주시은남1길25,33.4890769,126.4930573
제주특별자치도제주시남성로33,33.5031606,126.5125636
제주특별자치도제주시애월읍애월해안로554-10,33.4772734,126.3628234
제주특별자치도제주시삼무로28,33.4897034,126.4895429
제주특별자치도제주시오일장중길26,33.495441,126.4714575
제주특별자치도제주시선사로8,33.5219349,126.5873092
제주특별자치도제주시사장3길33,33.4827443,126.4912489
제주특별자치도제주시신산마을길20,33.491818,126.4456715
제주특별자치도제주시신대로148,33.4840651,126.4960328
제주특별자치도제주시임항로260,33.5176881,126.5382607
제주특별자치도제주시애월읍애월해안로881,33.4869083,126.3912423
제주특별자치도제주시서광로24길1,33.499441,126.5232885
제주특별자치도제주시서광로292-1,33.5001678,126.5277272
제주특별자치도제주시은남1길40,33.4894281,126.4915402
제주특별자치도제주시삼무로76,33.4895609,126.4947405
제주특별자치도제주시애월읍일주서로7113,33.484863,126.4089514
제주특별자치도제주시노연로72,33.4861316,126.4880481
제주특별자치도제주시서해안로100,33.5030645,126.4600236
제주특별자치도제주시조천읍신북로443,33.5442087,126.6568657
제주특별자치도제주시선돌목동길56-26,33.4458273,126.5479103
제주특별자치도제주시동광로34,33.5019739,126.5325889
제주특별자치도제주시광평길3,33.4810593,126.4706803
제주특별자치도제주시월성로4길19,33.5011175,126.5034389
제주특별자치도제주시도령로133,33.4934582,126.4909995
제주특별자치도제주시애월읍애월해안로394,33.4725172,126.3504598
제주특별자치도제주시동광로4길9-4,33.50077,126.5319764
제주특별자치도제주시구좌읍일주동로1724,33.5521315,126.716885
제주특별자치도제주시서해안로620-1,33.516185,126.5034838
제주특별자치도제주시애월읍애월해안로400-9,33.4714454,126.3512544
제주특별자치도제주시애월읍부룡수길33,33.4753594,126.3562683
제주특별자치도제주시도령로27,33.487812,126.4818216
제주특별자치도제주시애월읍애월해안로400-9,33.4714454,126.3512544
제주특별자치도제주시서해안로216,33.5074695,126.4702872
제주특별자치도제주시해안마을북길14-5,33.4648548,126.4534113
제주특별자치도제주시구좌읍해맞이해안로1590-6,33.528089,126.8737517
제주특별자치도제주시애월읍애월해안로516-7,33.477283,126.3592192
제주특별자치도제주시서해안로442-11,33.5169875,126.4886622
제주특별자치도제주시한림읍한림로77,33.3813663,126.2181476
제주특별자치도제주시도령로102,33.4909254,126.4887441
제주특별자치도제주시일주서로7531,33.4952685,126.4504679
제주특별자치도제주시한림읍일주서로5125,33.3917607,126.2534629
제주특별자치도제주시노형로79,33.464319,126.4547691
제주특별자치도제주시논세길51,33.4894429,126.4423178
제주특별자치도제주시해안마을북길14-6,33.4644511,126.4538987
제주특별자치도제주시한림읍귀덕6길94,33.4352859,126.2914704
제주특별자치도제주시도령로155,33.4947647,126.4922043
제주특별자치도제주시애월읍신엄안3길135,33.4706474,126.3544759
제주특별자치도제주시한림읍협재로226,33.3783663,126.2510994
제주특별자치도제주시애월읍부룡수길60,33.4745389,126.3585959
제주특별자치도제주시애월읍고내로13길100,33.4720859,126.3489158
제주특별자치도제주시서해안로204,33.5065207,126.4698667
제주특별자치도제주시도두봉2길2,33.5054098,126.4699652
제주특별자치도제주시한림읍한림로75,33.3808424,126.2184026
제주특별자치도제주시애월읍고내로46,33.4646639,126.3417599
제주특별자치도제주시한림읍옹포2길10,33.3998489,126.2497182
제주특별자치도제주시한림읍한림로917,33.4328281,126.2761713
제주특별자치도제주시한림읍한림로330,33.3929489,126.2402371
제주특별자치도제주시애월읍신엄안3길101,33.47239,126.3570861
제주특별자치도제주시한림읍명재로100-47,33.3906607,126.2602696
제주특별자치도제주시일주서로7353,33.493847,126.4321271
제주특별자치도제주시어영길32,33.5181579,126.4963656
제주특별자치도제주시현사길45,33.4971266,126.4474008
제주특별자치도제주시한림읍협재2길10,33.3921956,126.2412391
제주특별자치도제주시도리로106-16,33.4993629,126.4633445
제주특별자치도제주시애월읍애월해안로554-8,33.4776221,126.3628764
제주특별자치도제주시서해안로84,33.5030044,126.4582154
제주특별자치도제주시서해안로380,33.5123843,126.4845061
제주특별자치도제주시신광로4길16,33.4890213,126.4883837
제주특별자치도제주시서해안로456-12,33.5183718,126.4891761
제주특별자치도제주시애월읍신상로268,33.4489482,126.3663364
제주특별자치도제주시은남1길15,33.489048,126.494128
제주특별자치도제주시관덕로8길7-12,33.512294,126.5243185
제주특별자치도제주시한림읍협재로213,33.37937,126.2521223
제주특별자치도제주시삼무로3길37,33.4902697,126.4918262
제주특별자치도제주시현사길33,33.4969727,126.4486607
제주특별자치도제주시애월읍애월해안로412,33.4729655,126.3524422
제주특별자치도제주시구좌읍해맞이해안로2060-18,33.5081794,126.901626
제주특별자치도제주시애월읍광상로272,33.443598,126.4040919
제주특별자치도제주시조천읍북선로125,33.5328362,126.6993297
제주특별자치도제주시애월읍가문동상4길11,33.4829296,126.393095
제주특별자치도제주시구좌읍일주동로1845,33.5565843,126.7288384
제주특별자치도제주시한림읍귀덕6길92-9,33.4355569,126.2908686
제주특별자치도제주시서해안로486-4,33.5185159,126.4907217
제주특별자치도제주시서해안로74,33.5030385,126.4575819
제주특별자치도제주시서광로29길3,33.5007052,126.5265002
제주특별자치도제주시사장1길28,33.4853793,126.492666
제주특별자치도제주시서해안로346-14,33.5093741,126.4812326
제주특별자치도제주시1100로2671-51,33.4236994,126.4890831
제주특별자치도제주시애월읍애월해안로907,33.484854,126.3924185
제주특별자치도제주시애월읍애월해안로917,33.484318,126.3934546
제주특별자치도제주시한림읍일주서로5556,33.4231492,126.2784423
제주특별자치도제주시도공로2,33.5061379,126.4649906
제주특별자치도제주시애월읍애원로74,33.4580703,126.3224162
제주특별자치도제주시애월읍신상로266,33.4486218,126.3659213
제주특별자치도제주시서해안로122,33.502395,126.4623277
제주특별자치도제주시애월읍애월해안로943,33.4836741,126.3957709
제주특별자치도제주시서해안로114,33.502532,126.4614077
제주특별자치도제주시한림읍한림해안로136,33.414885,126.2613402
제주특별자치도제주시애월읍애월해안로255,33.4675931,126.3389802
제주특별자치도제주시애월읍애월해안로945외1,33.4837094,126.3960463
제주특별자치도제주시논세길96-38,33.4829828,126.4423818
제주특별자치도제주시신광로4길10,33.4890185,126.4887773
제주특별자치도제주시한림읍한림로33,33.377206,126.2184554
제주특별자치도제주시애월읍일주서로6818,33.4749002,126.3800252
제주특별자치도제주시서광로251,33.5000201,126.523367
제주특별자치도제주시서해안로456-6,33.5181933,126.4888462
제주특별자치도제주시수덕1길7,33.486109,126.4781196
제주특별자치도제주시한림읍귀덕로73,33.4378775,126.2976774
제주특별자치도제주시은남4길40,33.4865461,126.4915284
제주특별자치도제주시한림읍한림로695,33.4167397,126.2647256
제주특별자치도제주시동광로40,33.5022063,126.5331908
제주특별자치도제주시중앙로252,33.4973953,126.5311182
제주특별자치도제주시애월읍애월해안로885,33.4864641,126.3915494
제주특별자치도제주시한림로162,33.3856502,126.2253353
제주특별자치도제주시서해안로382,33.5126754,126.4845685
제주특별자치도제주시용문로166,33.5088901,126.511034
제주특별자치도제주시서해안로258,33.5090755,126.4733235
제주특별자치도제주시애월읍애월해안로226,33.4670062,126.3363239
제주특별자치도서귀포시중문관광로72번길75,33.248004,126.4086913
제주특별자치도서귀포시중문관광로72번길35,33.2486874,126.410514
제주특별자치도서귀포시중문관광로72번길114,33.2442133,126.4056704
제주특별자치도서귀포시중문관광로72번길67,33.249058,126.4083726
제주특별자치도서귀포시칠십리로242,33.2443253,126.5807944
제주특별자치도서귀포시표선면민속해안로537,33.3214847,126.8447337
제주특별자치도서귀포시1100로453-95,33.2858508,126.4446184
제주특별자치도서귀포시중문관광로72번길53,33.2498677,126.4080883
제주특별자치도서귀포시태평로347,33.2468269,126.5578579
제주특별자치도서귀포시태평로363,33.2465153,126.559999
제주특별자치도서귀포시중정로16,33.2472839,126.5581967
제주특별자치도서귀포시태평로439번길14,33.2467711,126.5657812
제주특별자치도서귀포시안덕면한창로365,33.2889768,126.3514203
제주특별자치도서귀포시남원읍남조로960,33.3592183,126.7124642
제주특별자치도서귀포시부두로44,33.2413976,126.5643074
제주특별자치도서귀포시김정문화로27번길23-3,33.2539142,126.5079525
제주특별자치도서귀포시김정문화로15,33.2523745,126.5066675
제주특별자치도서귀포시예래해안로15,33.2340956,126.3699516
제주특별자치도서귀포시중문관광로23-1,33.2558775,126.4154882
제주특별자치도서귀포시안덕면녹차분재로216,33.3024639,126.2945827
제주특별자치도서귀포시중문관광로72번길60,33.2542186,126.4114343
제주특별자치도서귀포시김정문화로27번길14-4,33.2528651,126.5083626
제주특별자치도서귀포시남성중로147,33.2448276,126.5534226
제주특별자치도서귀포시칠십리로87,33.2405053,126.5650005
제주특별자치도서귀포시천제연로166,33.2518817,126.4223842
제주특별자치도서귀포시중문관광로222,33.2425599,126.4232474
제주특별자치도서귀포시남성중로135,33.2434404,126.5533138
제주특별자치도서귀포시칠십리로91번길12,33.2410496,126.5642624
제주특별자치도서귀포시성산읍일출로297,33.4636896,126.9343412
제주특별자치도서귀포시이어도로67,33.2388641,126.4304236
제주특별자치도서귀포시표선면표선동서로263,33.3271824,126.833624
제주특별자치도서귀포시천제연로178번길21,33.2498357,126.423832
제주특별자치도서귀포시논짓물로45,33.2396438,126.3861303
제주특별자치도서귀포시성산읍신고로11,33.4378733,126.9157125
제주특별자치도서귀포시예래해안로542,33.2546427,126.4025985
제주특별자치도서귀포시성산읍성산등용로17번길35,33.4623321,126.9310241
제주특별자치도서귀포시색달로18,33.2595281,126.4065171
제주특별자치도서귀포시성산읍동류암로20,33.4498572,126.9181993
제주특별자치도서귀포시성산읍섭지코지로25번길41,33.4426842,126.9184373
제주특별자치도서귀포시안덕면신화역사로304번길38,33.3049727,126.3163521
제주특별자치도서귀포시중문관광로198,33.242916,126.4202933
제주특별자치도서귀포시중문관광로17,33.2563899,126.4152515
제주특별자치도서귀포시예래로270,33.2427227,126.3851281
제주특별자치도서귀포시대정읍형제해안로256-5,256-6,256-8,33.2117207,126.291505
제주특별자치도서귀포시이어도로721,33.2357667,126.4919935
제주특별자치도서귀포시이어도로343번길63,33.2458535,126.4515424
제주특별자치도서귀포시이어도로253번길2,33.2437171,126.4466724
제주특별자치도서귀포시색달로117,33.2626086,126.4156198
제주특별자치도서귀포시소보리당로220,33.262176,126.3846447
제주특별자치도서귀포시중산간서로594번길7-28,33.2644997,126.4506634
제주특별자치도서귀포시안덕면화순중앙로124번길75,33.2426624,126.3278777
제주특별자치도서귀포시성산읍일주동로4120번길23-20,33.4590734,126.9100957
제주특별자치도서귀포시성산읍해맞이해안로2644,33.4752732,126.9098891
제주특별자치도서귀포시성산읍서성일로726-11,33.4297603,126.8620877
제주특별자치도서귀포시성산읍해맞이해안로2660,33.4741448,126.9110172
제주특별자치도서귀포시태평로335번길11-1,33.2470877,126.5583449
제주특별자치도서귀포시이어도로826-6,33.2349244,126.5029135
제주특별자치도서귀포시막숙포로114,33.2328935,126.5102363
제주특별자치도서귀포시일주서로660,33.2546081,126.4390423
제주특별자치도서귀포시성산읍해맞이해안로2652,33.474641,126.9104655
제주특별자치도서귀포시용흥로66번길158-7,33.2659343,126.4846963
제주특별자치도서귀포시성산읍일주동로4258,33.4483595,126.9119936
제주특별자치도서귀포시성산읍성산등용로40,33.4664803,126.9310473
제주특별자치도서귀포시성산읍해맞이해안로2670,33.4734474,126.910333
제주특별자치도서귀포시성산읍한도로269-37,33.469117,126.9351431
제주특별자치도서귀포시성산읍성산등용로42,33.4665639,126.9308153
제주특별자치도서귀포시중산간서로935,33.2647513,126.4165083
제주특별자치도서귀포시중앙로71번길17,33.2503771,126.5595194
제주특별자치도서귀포시성산읍일주동로4186,33.4549205,126.9102197
제주특별자치도서귀포시성산읍신양로83,33.4366595,126.9182946
제주특별자치도서귀포시토평남로30번길10-8,33.2607586,126.5926013
제주특별자치도서귀포시이어도로777,33.2366515,126.4979059
제주특별자치도서귀포시산록남로2704,33.2962583,126.5729667
제주특별자치도서귀포시중산간서로241,33.2605449,126.4857737
제주특별자치도서귀포시검은여로130번길73,33.2492442,126.5896213
제주특별자치도서귀포시인정오름로86번길3,33.2878306,126.5777469
제주특별자치도서귀포시월드컵로188,33.2328797,126.5053101
제주특별자치도서귀포시이어도로720,33.2346867,126.4926465
제주특별자치도서귀포시성산읍일주동로4120번길23-16,33.4594501,126.909585
제주특별자치도서귀포시이어도로760,33.235567,126.4962386
제주특별자치도서귀포시천제연로158-4,33.2523042,126.4213124
제주특별자치도서귀포시성산읍시흥하동로50번길23,33.4744507,126.9080877
제주특별자치도서귀포시이어도로1060,33.2457419,126.5240832
제주특별자치도서귀포시속골로29-10,33.2428676,126.5277074
제주특별자치도서귀포시태평로335번길3,33.2471401,126.5573601
제주특별자치도서귀포시태평로111,33.2444443,126.5349942
제주특별자치도서귀포시대포동서로63-19,33.2408034,126.4386721
제주특별자치도서귀포시태평로92번길34,33.2415452,126.5312269
제주특별자치도서귀포시성산읍성산등용로13,33.4648246,126.9329105
제주특별자치도서귀포시솔동산로40,33.2418919,126.5623994
제주특별자치도서귀포시구산봉로21번길62,33.2538991,126.4535029
제주특별자치도서귀포시선반로65번길69,33.2370941,126.4962311
제주특별자치도서귀포시산록남로1966-34,33.2887775,126.4961204
제주특별자치도서귀포시월평하원로111,33.2495055,126.4590545
제주특별자치도서귀포시태평로92번길35,33.2410306,126.5320209
제주특별자치도서귀포시문필로35번길46,33.2412007,126.5935289
제주특별자치도서귀포시태평로130,33.2444394,126.5371115
제주특별자치도서귀포시성산읍서성일로726-33,33.4285631,126.8629028
제주특별자치도서귀포시솔동산로16-1,33.243379,126.5638078
제주특별자치도서귀포시하신상로166,33.2722964,126.6101705
제주특별자치도서귀포시법환상로2번길97-17,33.2469824,126.5121288
제주특별자치도서귀포시돈내코로180,33.3028833,126.5785038
제주특별자치도서귀포시성산읍난고로228,33.4209767,126.8941449
제주특별자치도서귀포시성산읍난고로230,33.4207195,126.8938285
제주특별자치도서귀포시대정읍무릉중앙로203,33.2572337,126.1889576
제주특별자치도서귀포시성산읍서성일로726-35,33.4281092,126.8624199
제주특별자치도서귀포시이어도로738,33.2353396,126.4941897
제주특별자치도서귀포시논짓물로28,33.2387504,126.387414
제주특별자치도서귀포시대정읍하모중앙로46-6,33.2244831,126.25178
제주특별자치도서귀포시색달중앙로19,33.2574589,126.4131427
제주특별자치도서귀포시신서로48번길52-7,33.2523799,126.5105353
제주특별자치도서귀포시쇠소깍로151-14,33.2505782,126.62033
제주특별자치도서귀포시성산읍서성일로726-37,33.4281011,126.8620069
제주특별자치도서귀포시중앙로23-2,33.2467783,126.5614822
제주특별자치도서귀포시안덕면사계북로208,33.236772,126.308727
제주특별자치도서귀포시이어도로744,33.2354793,126.494816
제주특별자치도서귀포시대포동서로63-20,33.2409743,126.4379938
제주특별자치도서귀포시성산읍섭지코지로25번길29,33.4418087,126.9187346
제주특별자치도서귀포시천제연로188번길11,33.2507775,126.424685
제주특별자치도서귀포시표선면번영로3340,33.3505524,126.823676
제주특별자치도서귀포시중산간동로8183번길16,33.2612447,126.5426118
제주특별자치도서귀포시천지연로3-1,33.2414213,126.565631
제주특별자치도서귀포시대포연대로50,33.2401625,126.4313237
제주특별자치도서귀포시중산간서로157번길28-6,33.2577935,126.4943562
제주특별자치도서귀포시논짓물로50,33.2405066,126.3859727
제주특별자치도서귀포시중산간서로193,33.259146,126.4907552
제주특별자치도서귀포시중정로24-7,33.2470189,126.5589844
제주특별자치도서귀포시태평로439번길21,33.2464969,126.5648987
제주특별자치도서귀포시솔동산로10번길23,33.2425658,126.5626768
제주특별자치도서귀포시중앙로42번길42-1,33.2490591,126.5661863
제주특별자치도서귀포시태평로432,33.245417,126.5664085
제주특별자치도서귀포시동문동로13-1,33.2500528,126.5663416
제주특별자치도서귀포시성산읍서성일로726-31,33.4285579,126.8622059
제주특별자치도서귀포시안덕면사계북로52,33.2338985,126.2937869
제주특별자치도서귀포시중문상로27,33.2509199,126.4247748
제주특별자치도서귀포시대정읍신영로87-1,33.2207824,126.2523225
제주특별자치도서귀포시신서로48번길20-9,33.2530096,126.5071162
제주특별자치도서귀포시상예로262,33.2679265,126.3947698
제주특별자치도서귀포시일주동로9123,33.247262,126.5179182
제주특별자치도서귀포시중문관광로310,33.2475882,126.4304833
제주특별자치도서귀포시안덕면사계북로109,33.2369682,126.2993914
제주특별자치도서귀포시대정읍노을해안로420,33.2570455,126.1903889
제주특별자치도서귀포시이어도로216,33.2408459,126.4434645
제주특별자치도서귀포시중정로1,33.2476976,126.5565633
제주특별자치도서귀포시솔동산로22번길17-2,33.2439621,126.5621122
제주특별자치도서귀포시서홍로102,33.2571144,126.5532869
제주특별자치도서귀포시성산읍성산중앙로37번길9,33.4636733,126.9323845
제주특별자치도서귀포시솔동산로10번길45,33.2408282,126.562609
제주특별자치도서귀포시안덕면사계북로107,33.2367337,126.2990525
제주특별자치도서귀포시대정읍최남단해안로44,33.2166638,126.2521099
제주특별자치도서귀포시칠십리로479,33.2419879,126.6016975
제주특별자치도서귀포시이어도로789,33.2369705,126.4994836
제주특별자치도서귀포시천제연로153,33.2528681,126.4214018
제주특별자치도서귀포시남성로117,33.2423707,126.5528701
제주특별자치도서귀포시천지연로39,33.2423159,126.5620666
제주특별자치도서귀포시막숙포로100,33.2335903,126.5116512
제주특별자치도서귀포시태평로353번길22-3,33.2471811,126.5612517
제주특별자치도서귀포시중문관광로288,33.2459129,126.4294847
제주특별자치도서귀포시안덕면향교로214,33.2341723,126.2905085
제주특별자치도서귀포시태평로121,33.2446036,126.5357849
제주특별자치도서귀포시돈내코로178,33.3027865,126.5786851
제주특별자치도서귀포시중정로61번길31,33.2506284,126.5623714
제주특별자치도서귀포시천지연로29번길5,33.241388,126.5633243
제주특별자치도서귀포시천지로15,33.2489654,126.5607103
제주특별자치도서귀포시성산읍해맞이해안로2614,33.4775003,126.9091117
제주특별자치도서귀포시안덕면평화로486,33.2793574,126.3179374
제주특별자치도서귀포시중정로36,33.2473416,126.5602224
제주특별자치도서귀포시칠십리로243,33.2487392,126.5784102
제주특별자치도서귀포시태평로431번길20,33.2471129,126.5661362
제주특별자치도서귀포시남원읍태위로690-3,33.2792324,126.7205215
제주특별자치도서귀포시남원읍태위로984-7,33.2879888,126.7498546
제주특별자치도서귀포시천지로13,33.2488237,126.5607423
제주특별자치도서귀포시예래해안로17,33.233276,126.3695835
제주특별자치도서귀포시성산읍해맞이해안로2688,33.4718231,126.9126814
제주특별자치도서귀포시대정읍최남단해안로30번길11,33.2177311,126.2509138
제주특별자치도서귀포시대정읍최남단해안로30번길13,33.2177242,126.2507273
제주특별자치도서귀포시대정읍최남단해안로30번길15,33.2177348,126.2505331
제주특별자치도서귀포시대정읍신영로36번길35,33.2198974,126.2470607
충청남도천안시동남구수신면수신로576,36.7404654,127.2890776
충청남도천안시동남구대흥로241-11,36.8105839,127.1479231
충청남도천안시서북구동서대로177,36.8257795,127.1432177
충청남도천안시서북구성정공원5로42,36.8274901,127.1422438
충청남도공주시반포면임금봉길61,36.3677884,127.2506769
충청남도공주시반죽동253-3번지,36.4523161,127.1231143
충남보령시대해로876호텔마스타대천,36.3072312,126.5183951
충남보령시해수욕장8길28,36.3137395,126.5121541
충청남도아산시온천대로1459,36.7830679,126.9990288
충청남도아산시충무로20번길7,36.7840567,127.0063868
충청남도아산시온천대로1462,36.78211,126.9994673
충청남도아산시온천대로1442,36.7823522,126.9982742
충청남도서산시안견로465,36.7844669,126.4385083
빈셀,에러,에러
충청남도논산시연무읍황화로369,36.1047524,127.0972332
충청남도당진시송악읍반촌로192,36.9020314,126.7014085
충남부여군부여읍북포로108,36.2918052,126.9223114
충청남도서천군장항읍성화로106-30,36.0148551,126.6945013
충남홍성군홍성읍내포로42,36.5988596,126.6634767
충남홍성군조양로205번길60,36.6003566,126.6751338
충청남도예산군덕산면신평1길14,36.6933898,126.662481
충청남도태안군소원면만리포2길235-9,36.7942116,126.1465716
충청남도태안군태안읍안도내길28-14,36.8128623,126.3310942
충청남도태안군소원면만리포1길95,36.7868706,126.1451076
충청남도태안군소원면만리포2길120,36.7846091,126.1414661
충청북도청주시청원구충청대로114,36.6665668,127.4943335
충청북도청주시상당구명암로293번길45,36.6568786,127.5281679
충청북도청주시흥덕구직지대로607,36.6434609,127.4604998
충청북도청주시흥덕구풍년로193번길32,36.6279661,127.4301464
충청북도청주시흥덕구가로수로1164번길41-34,36.6257246,127.4286242
충청북도청주시청원구내수읍신기초정로699,36.7190861,127.5986497
청주시흥덕구가로수로1164번길41-20,36.625414,127.4280986
충청북도충주시중원대로3496,36.9705021,127.9154298
충청북도충주시수안보면주정산로22,36.847555,127.9884642
충청북도충주시수안보면탑골1길36,36.8437473,127.9807778
충청북도충주시동량면호반로675,37.0339175,128.0382966
충청북도충주시수안보면조산공원길99,36.8456936,127.9939855
충청북도충주시애향로35,36.9743103,127.9140557
충청북도충주시호암대로8,36.9590471,127.9267941
충청북도충주시앙성면중방곡길62,37.1817423,127.7401683
충청북도충주시탄금대로237,36.9847011,127.9057606
충청북도제천시의병대로13길10,37.1376255,128.2087338
충청북도제천시의림대로11길31,37.1378249,128.2065987
충청북도제천시청풍면청풍호로1798,37.0166625,128.1782399
충청북도제천시청풍면청풍호로1763,37.0183198,128.1808929
충청북도보은군속리산면법주사로305,36.5344987,127.8257929
충청북도옥천군옥천읍옥천로1553,36.3044777,127.5643532
충청북도음성군음성읍음성로194,36.9326503,127.6717477
충청북도음성군대소면삼양로572-1,36.9735879,127.4733782
충청북도단양군단양읍삼봉로29,36.9824001,128.3484875
전라남도목포시해안로2,34.7859386,126.3685038
전라남도목포시평화로79,34.7971028,126.4333968
전라남도목포시평화로69,34.7965402,126.4323462
전라남도목포시수강로4번길33,34.7877658,126.3881941
전라남도목포시북항로141,34.8017099,126.3692446
전라남도목포시호남로64번길28,34.7920244,126.3846415
전라남도목포시평화로65-9,34.796982,126.4319547
전라남도목포시해안로279번길10,34.7889304,126.3905598
전라남도목포시옥암로54번길35,34.806044,126.4322356
전라남도여수시오동도로74,34.7431944,127.7500298
전라남도여수시삼산면거문도등대길54,34.0198878,127.3032994
전라남도여수시시청서6길3,34.7563306,127.6572471
전라남도여수시이순신광장로135,34.7378817,127.7388115
전라남도여수시소호로295,34.7324505,127.6439655
전라남도여수시시청서6길19,34.7565247,127.6591221
전라남도여수시시청서6길25,34.7566058,127.6595641
전라남도여수시공화남2길20,34.7447965,127.7423428
전라남도오동도로111,34.7423838,127.7544142
전라남도여수시좌수영로641,34.7775729,127.6900322
전라남도여수시망양로20,34.7582465,127.7496517
전라남도여수시소라면안심산길155,34.7477971,127.6416053
전라남도여수시박람회길99,34.7554692,127.7473242
전라남도국포1로6,34.7301331,127.7233885
전라남도여수시오동도로20,34.7451587,127.7447411
전라남도여수시신월로496-26,34.7215132,127.6988458
전라남도여수시공화남2길14-1,34.7451925,127.742832
전라남도여수시공화남2길11-1,34.7451628,127.7430956
전라남도여수시돌산읍백초길74,34.7309639,127.7505945
전라남도여수시돌산읍평사리1395-53번지,34.7025227,127.7576631
전라남도여수시망양로552,34.7949306,127.7528742
전라남도여수시돌산읍진두해안길72,34.7330029,127.7431336
전라남도여수시돌산읍진두해안길9,34.7312013,127.7370046
전라남도여수시오천3길10-1,34.7924772,127.7539794
전라남도여수시소호6길7-9,34.7400305,127.6496428
전라남도여수시동문로2-2,34.7404257,127.7364529
전라남도여수시돌산읍강남2길42-2,34.7190138,127.7515109
전라남도여수시돌산읍무술목길83,34.6904023,127.7801188
전라남도여수시돌산읍진두해안길101,34.732211,127.7460727
전라남도여수시돌산읍강남해안로60,34.7202059,127.74544
전라남도여수시동문로18,34.7411795,127.7372005
전라남도여수시돌산읍돌산로3169-30,34.7017736,127.7575306
전라남도여수시돌산읍강남8길35-7,34.7207553,127.750024
전라남도여수시망양로185,34.7716915,127.7465721
전라남도여수시오동도로66,34.7433841,127.7492923
전라남도여수시돌산읍돌산로3108,34.6996942,127.761562
전라남도여수시돌산읍돌산로3394,34.7201507,127.7584139
전라남도여수시이순신광장로135-1,34.7377728,127.7389618
전라남도여수시돌산읍돌산로3155-19,34.7037724,127.7559439
전라남도여수시돌산읍돌산로3155-18,34.7036016,127.7559173
전라남도여수시돌산읍돌산로3155-17,34.7034279,127.7558796
전라남도여수시돌산읍돌산로3155-16,34.703253,127.7558439
전라남도여수시돌산읍돌산로3155-15,34.7030806,127.7558068
전라남도여수시돌산읍돌산로3155-9,34.7038729,127.7562509
전라남도여수시돌산읍돌산로3155-8,34.7038636,127.7564698
전라남도여수시돌산읍돌산로3155-14,34.7030531,127.7560966
전라남도여수시돌산읍돌산로3155-13,34.703218,127.7561294
전라남도여수시돌산읍돌산로3155-12,34.7033904,127.7561594
전라남도여수시돌산읍돌산로3155-11,34.703556,127.7561951
전라남도여수시돌산읍돌산로3155-10,34.7037194,127.7562278
전라남도여수시돌산읍돌산로3155-7,34.7037444,127.7564427
전라남도여수시돌산읍돌산로3155-6,34.7036144,127.7564213
전라남도여수시돌산읍돌산로3155-5,34.7035044,127.7564017
전라남도여수시돌산읍돌산로3155-3,34.7032547,127.7563571
전라남도여수시돌산읍돌산로3155-2,34.7031178,127.7563274
전라남도여수시돌산읍돌산로3155-4,34.7033678,127.7563772
전라남도여수시돌산읍돌산로3155-1,34.7030172,127.7563043
전라남도여수시돌산읍돌산로3155-20,34.704141,127.7559744
전라남도여수시동문로147-1,34.7489361,127.7446679
전라남도여수시오동도로46,34.7439511,127.7471964
전라남도여수시공화북5길8,34.7479009,127.7436062
전라남도여수시화양면옥천로1063-1,34.7436106,127.5858701
전라남도여수시봉산남2길15,34.734894,127.7221456
전라남도여수시동문로139,34.7484537,127.7447159
전라남도여수시돌산읍우두3길102,34.7192137,127.7452336
전라남도여수시소라면사곡리산25-4번지,34.7834636,127.5775036
전라남도여수시망양로40,34.7600368,127.7495467
전라남도여수시망양로543,34.7944108,127.7523663
전라남도여수시소호관기로88,34.7383577,127.6389423
전라남도여수시돌산읍안굴전길115,34.697896,127.7750665
전라남도여수시종화1길13-1,34.7397031,127.7464377
전라남도여수시화양면옥천로1065-5,34.7446915,127.5845415
전라남도여수시이순신광장로191,34.7384762,127.7439162
전라남도여수시하멜로57,34.7393076,127.7460584
전라남도여수시돌산읍강남해안로93,34.7178725,127.7472794
전라남도여수시봉산2로31-1,34.7329251,127.7253126
전라남도여수시오동도로86,34.7425453,127.7509195
전라남도여수시고소3길92,34.7394252,127.7441801
전라남도여수시돌산읍계동로392-1,34.6705745,127.7835487
전라남도여수시봉산남4길23-2,34.7322824,127.7214249
전라남도여수시대경도4길14,34.7177086,127.7246014
전라남도여수시망양로244,34.7744568,127.7426991
전라남도여수시돌산읍무술목길59,34.6887694,127.7797995
전라남도여수시성산1길31,34.7776406,127.6492563
전라남도여수시돌산읍진모1길29-40,34.7065807,127.7567899
전라남도여수시돌산읍진모1길29-36,34.7067329,127.7571315
전라남도여수시망양로46,34.7604866,127.7498542
전라남도여수시만성로272,34.7747736,127.7242242
전라남도여수시동문로57,34.742197,127.7404642
전라남도여수시돌산읍무술목길116,34.6928582,127.7787567
전라남도여수시공화남2길12,34.7454457,127.7430464
전라남도여수시관문서6길2,34.7430084,127.7405157
전라남도여수시동문로151,34.74931,127.7446429
전라남도여수시종고산길6,34.7524853,127.7378919
전라남도여수시돌산읍돌산로3090,34.6987683,127.7624879
전라남도여수시봉산남2길23-12,34.7347516,127.7231629
전라남도여수시돌산읍돌산로3169-28,34.7024677,127.7570443
전라남도여수시돌산읍우두1길12-10,34.7280571,127.7411518
전라남도여수시신월로546,34.723193,127.7077026
전라남도여수시소호관기로90,34.7384619,127.638697
전라남도여수시망양로351,34.7802597,127.7447368
전라남도여수시소라면서부로968,34.8049665,127.5602551
전라남도여수시동문로2-1,3층,34.7403426,127.7364171
전라남도여수시동문로145,34.7487543,127.7447526
전라남도여수시돌산읍진두해안길38,34.7330369,127.7394434
전라남도여수시외밭넘2길10,34.7562822,127.7477448
빈셀,에러,에러
전라남도여수시만성로368,34.7746006,127.7339359
전라남도여수시돌산읍무술목길121,34.6929907,127.7777975
전라남도여수시돌산읍돌산로3169-26,34.7023778,127.7562055
전라남도여수시화양면옥천로1063-2,34.7435872,127.5855697
전라남도여수시하멜로60,34.739014,127.7457839
전라남도여수시돌산읍진모1길29-35,34.7063032,127.7576389
전라남도여수시돌산읍진모1길29-14,34.7084106,127.7568364
전라남도여수시돌산읍진모1길29-12,34.7087542,127.7564888
전라남도여수시화양면옥천로1054,34.7426384,127.5857837
전라남도여수시화양면옥천로1058,34.7429255,127.5860618
전라남도여수시돌산읍무술목길118,34.6929651,127.7785068
전라남도여수시중앙로30,34.7400417,127.7310295
전라남도여수시돌산읍강남로9,34.7170096,127.7482804
전라남도여수시돌산읍무술목길34,34.6874985,127.7778097
전라남도여수시신월로479,34.7247825,127.7012008
전라남도여수시돌산읍강남해안로74,34.7192268,127.7455312
전라남도여수시돌산읍신추길22,34.7315874,127.7517984
전라남도여수시돌산읍무술목길38,34.6876738,127.7781988
전라남도여수시만성로263,34.7755583,127.7231798
전라남도여수시동문로110,34.7460494,127.7432689
전라남도여수시소호1길44,34.7470019,127.6579544
전라남도여수시소라면서부로875,34.7972059,127.5627833
전라남도여수시돌산읍강남7길24-1,34.7199488,127.7534781
전라남도여수시종고산길27,34.7504955,127.7386629
전라남도여수시소호1길40,34.7473096,127.6579067
전라남도여수시돌산읍무술목길80,34.6903366,127.7808536
전라남도여수시소호관기로92,34.7385402,127.6384712
전라남도여수시돌산읍진두해안길76,34.7329512,127.7434429
전라남도여수시돌산읍돌산로3100,34.6991459,127.7621196
전라남도여수시돌산읍진두해안길68,34.7330836,127.7426394
전라남도여수시덕충동46-1번지,47번지,34.7598423,127.7494718
전라남도여수시하멜로55-3,중앙출장소,34.7396183,127.7458831
전라남도여수시돌산읍돌산로3169-21,34.7028912,127.7576125
전라남도여수시동문로94,34.7448159,127.7421896
전라남도여수시이순신광장로165,34.7373565,127.7419128
전라남도여수시만성로304,34.7742534,127.7272904
전라남도여수시돌산읍우두3길98,34.7188524,127.7450162
전라남도여수시이순신광장로202,34.7390557,127.7448645
전라남도여수시망양로192,34.7725443,127.7471161
전라남도여수시돌산읍강남3길73-21,34.7155058,127.754748
전라남도여수시만성리길62,34.7800904,127.7456251
전라남도여수시돌산읍돌산로3088,34.6985256,127.7627628
전라남도여수시엑스포대로357,34.7564709,127.7482446
전라남도여수시돌산읍돌산로3086,34.6983865,127.7628867
전라남도여수시이순신광장로195,34.7387509,127.7442055
전라남도여수시무선6길43-12,34.774998,127.6494429
전라남도여수시돌산읍돌산로3017-15,34.6923978,127.7649967
전라남도여수시이순신광장로159,34.7374082,127.7413265
전라남도여수시좌수영로257,34.7574301,127.717144
전라남도여수시여수시민로1,34.7368746,127.7499272
전라남도순천시장천4길15-17,34.9488812,127.4902028
전라남도순천시중앙로306,34.9728329,127.4829127
전라남도순천시주암면행정1길77,35.0453779,127.3092618
전라남도순천시팔마2길13,34.9336213,127.5189643
전라남도순천시백강로234,34.9539852,127.5217385
전라남도순천시주암면송광사길99,35.0345524,127.272307
전라남도순천시순천만길426,34.8933806,127.5094096
전라남도순천시순천만길586,34.8932321,127.5096913
전라남도순천시대대2길46-9,34.8920698,127.5089635
전라남도순천시순천만길582,34.8929508,127.5096543
전라남도순천시순천만길580,34.8927836,127.5095564
전라남도순천시순천만길574,34.8922168,127.5094874
전라남도순천시순천만길574-1,34.8921032,127.509457
전라남도순천시순천만길726-16,34.8880831,127.5028736
전라남도순천시순천만길726-15,34.8878815,127.5027354
전라남도순천시순천만길726-9,34.887772,127.5022409
전라남도순천시순천만길726-7,34.8876283,127.5023821
전라남도순천시순천만길584,34.8930879,127.5096673
전라남도순천시중앙로306,34.9728329,127.4829127
전라남도순천시순천만길338,34.9001196,127.5045299
전라남도순천시덕암삼거리길38,34.9470609,127.5049902
전라남도순천시역전2길4,34.9463366,127.4983502
전라남도순천시순천만길33,34.9249831,127.4943255
전라남도순천시오천2길39,34.931057,127.4956736
전라남도순천시순천만길480,34.8888254,127.5083047
전라남도순천시상사면매재길89,34.9385868,127.4420162
전라남도순천시순천만길572,34.8919929,127.5094012
전라남도순천시순천만길560,34.8909834,127.509448
전라남도순천시순천만길492,34.8878587,127.5080672
전라남도순천시순천만길496,34.8876882,127.5073547
전라남도순천시해룡면와온길92-2,34.8534991,127.5234952
전라남도순천시향교길34,34.9544363,127.4815301
전라남도순천시오천동989-4번지,34.9304901,127.4965296
전라남도순천시오천동970-6번지,34.9333365,127.4958756
전라남도순천시순천만길656,34.8877693,127.5087259
전라남도순천시오천3길48,2~3층,34.9314387,127.4955989
전라남도순천시자경2길10-5,34.9492461,127.5006331
전라남도순천시동너리길170,34.9064077,127.5044929
전라남도순천시동너리길170,34.9064077,127.5044929
전라남도순천시중앙로301-1,34.9723691,127.4822545
전라남도순천시주암면주암호길27,35.0736876,127.2353432
전라남도순천시동너리길118,34.9046614,127.5037603
전라남도순천시팔마로126,34.944952,127.5017768
전라남도순천시낙안면상송길87,34.9200663,127.3327605
전라남도순천시조비1길15-6,34.9774151,127.4650408
전라남도순천시북부시장길42,34.9589531,127.4877972
전라남도순천시순천만길476,34.8888724,127.5087546
전라남도순천시상풍길37,34.9479017,127.493656
전라남도순천시순천만길696,34.8867976,127.5058491
전라남도순천시상사면상사호길419,인아트리움,34.9484615,127.4424343
전라남도순천시순천만길686-12,34.8872281,127.5058699
전라남도순천시상풍길37,호텔캐슬,34.9479017,127.493656
전라남도순천시장천2길22,빌라드순천,34.9493744,127.4893139
전라남도순천시대대3길12-22,34.8939355,127.5087987
전라남도순천시역전광장1길6,34.9454295,127.5002187
전라남도순천시남신월길2,34.9542605,127.5188848
전라남도나주시배멧2길43,35.0200972,126.7919784
전라남도나주시배멧3길19-13,35.020204,126.7861379
전라남도담양군금성면금성산성길202,35.3653433,127.0256312
전라남도곡성군곡성읍도림로107,도림국제관광호텔,35.2628315,127.2624952
전라남도구례군산동면지리산온천로261,35.3185167,127.4561
전라남도구례군마산면화엄사로464,35.2484513,127.4939625
전라남도구례군산동면지리산온천로317,35.3220519,127.4618082
전라남도고흥군도화면천마로2736-29,34.4905284,127.3530979
전라남도보성군벌교읍신정길4-41,34.842958,127.3527864
전라남도장흥군장흥읍동교2길1,34.6777531,126.9061287
전라남도장흥군장평면제산기동로326-1,34.7995846,126.9729772
전라남도강진군강진읍보은로113-1,34.6372202,126.7713179
전라남도해남군송지면땅끝해안로1954,34.3064287,126.5229353
전라남도해남군해남읍영빈로53,34.5657384,126.6061034
전라남도해남군화원면시아로224,34.6967433,126.2623244
전라남도영암군군서면마한로331,34.815858,126.656464
전라남도영암군삼호읍대불로91,34.7334774,126.3873226
전라남도영암군삼호읍나불외도로126-17,34.7838381,126.4632037
전라남도영암군금정면안적동길403,34.8731458,126.7843521
전라남도영광군영광읍옥당로74,35.2703429,126.5065558
전라남도장성군북하면백양로941,35.4110889,126.8813692
전라남도장성군북하면백양로1129-14,35.4273934,126.877432
전라남도완도군신지면명사십리61번길230,34.3266152,126.829008
전라남도완도군완도읍청해진서로189-50,34.3009779,126.7398302
전라남도완도군신지로582번길49,34.3341661,126.8300876
전라남도신안군흑산면흑산일주로180-19,34.6846707,125.432232
강원도춘천시봉의산길31,37.88666,127.7315093
강원도춘천시스포츠타운길376,37.8708999,127.6990493
강원도춘천시수변공원길11,37.8726616,127.7076569
강원도춘천시공지로469,2층,37.874601,127.7153315
강원도춘천시닥나무길12,37.8697768,127.7258885
강원도춘천시남춘로36번길4,37.8640412,127.73188
강원도원주시동부순환로200,37.3327278,127.9744755
강원도원주시문막읍왕건로9,37.3206952,127.8310006
강원도원주시만대로7-1,37.3411186,127.9238134
강원도강릉시해안로406번길13-6,37.7992468,128.9133107
강원도강릉시옥천로65번길2-6,37.7595607,128.897885
강원도강릉시해안로406번길2,37.7972,128.9150752
강원도강릉시금성로62,37.751769,128.8946458
강원도강릉시옥계면헌화로455-34,37.6547673,129.0529795
강원도강릉시교동광장로100번길8,37.7654066,128.8763589
강원도강릉시교동광장로100번길8-6,37.7653768,128.87656
강원도강릉시강동면율곡로1441,37.7054563,129.0078448
강원도강릉시주문진읍해안로2070,37.9088118,128.8199616
강원도강릉시율곡로2899-1,37.7617506,128.8932696
강원도동해시평릉길1,37.5263354,129.1031012
강원도동해시한섬로112-4,37.5201166,129.1163145
강원도동해시동해대로6285,37.5929532,129.0866822
강원도동해시중앙로210-1,37.5199183,129.1160072
강원도동해시동굴로125-3,37.5197881,129.1176956
강원도동해시동해대로6188,37.5882905,129.0968574
강원도태백시연지로6,37.1743205,128.988399
강원도태백시기장밭길7-1,37.1992336,128.9620076
강원도속초시동해대로3705,38.1669516,128.6064572
강원도속초시설악산로998,38.1726142,128.5002334
강원도속초시동해대로3915,38.1845121,128.6003985
강원도속초시청초호반로317,38.202519,128.591716
강원도속초시설악산로1042,38.173965,128.4887971
강원도속초시동해대로3691,38.1657682,128.6080571
강원도속초시중앙로104,38.2014432,128.5875051
강원도속초시대포항길186,38.1806437,128.6130473
강원도속초시설악산로470-7,38.1664326,128.5548628
강원도속초시해오름로204,38.19059,128.600306
강원도속초시동해대로3691,38.1657682,128.6080571
강원도속초시미리내길17-1,38.1921132,128.5954744
강원도속초시설악금강대교로193,38.2071883,128.5936139
빈셀,에러,에러
강원도삼척시수로부인길453,37.4708221,129.1651391
강원도삼척시오십천로427,37.4406273,129.165131
강원도홍천군홍천읍남산강변로55,37.6861789,127.884715
강원도홍천군홍천읍소옥개로142,37.6996835,127.9070873
강원도홍천군서면한치골길262,37.6523371,127.6873348
강원도평창군대관령면올림픽로715,37.6302658,128.675486
강원도평창군진부면간평리221-1,37.6884116,128.597284
강원도평창군대관령면솔봉로325,37.6574511,128.6743436
강원도평창군대관령면솔봉로325,37.6574511,128.6743436
강원도평창군봉평면면온리1094,37.5821474,128.3271382
강원도평창군대관령면올림픽로1169,37.6187646,128.6474946
강원도평창군대관령면경강로4887-5,37.6866131,128.6707744
강원도평창군진부면청송로109,37.6367071,128.558746
강원도정선군사북읍하이원길265,37.212669,128.821575
강원도정선군고한읍고한7길399,37.1742358,128.8425633
강원도정선군남면무릉4로2,37.2455853,128.7768088
강원도정선군남면무릉1로85,37.2461987,128.7775052
강원도정선군사북읍사북1길21,37.2275306,128.8119128
강원도철원군동송읍태봉로1799-22,38.1860904,127.2897613
강원도철원군서면와수로181번길15,38.2397272,127.4381633
강원도화천군하남면춘화로3331-12,38.0980596,127.7037524
강원도양구군양구읍파로호로993-19,38.1138893,127.9808255
강원도인제군기린면상하답로130,38.0026036,128.2953845
강원도인제군인제읍비봉로43,38.0659022,128.174916
강원도고성군토성면미시령옛길1153,38.2120781,128.4937302
강원도고성군토성면잼버리동로583-20,38.238872,128.5681416
강원도양양군강현면낙산사로73,38.1235504,128.6307863
양양군손양면선사유적로678,38.086995,128.6655974
양양군강현면동해대로3393,38.1404518,128.6135815
빈셀,에러,에러
빈셀,에러,에러
빈셀,에러,에러
빈셀,에러,에러
빈셀,에러,에러
빈셀,에러,에러
